Workbook

Sheet Médias 4o Bimestre
A1: RA | B1: Ordem | C1: nome | E1: Exercícios | F1: Projeto | G1: Prova Lab 70% | I1: Prova Teoria 30% | J1: P4
A2: 21.00098-0 | B2: =VLOOKUP(A2,'Ordem Turmas'!A:B,2,FALSE) -> 1 | C2: Izabel Sampaio Goes Pedreira Lapa | D2: =VLOOKUP(A2,'Atividades e Projeto Notas'!A:H,2,FALSE) -> Izabel Sampaio Goes | E2: =VLOOKUP(A2,'Atividades e Projeto Notas'!A:H,7,FALSE) -> 10 | F2: =VLOOKUP(A2,'Atividades e Projeto Notas'!A:H,8,FALSE) -> 10 | G2: =VLOOKUP(A2,'Nota P4 Lab'!C:E,3,FALSE) -> 8 | H2: =VLOOKUP(A2,'Nota P4 Lab'!C:E,2,FALSE) -> Izabel Sampaio Goes | I2: 2 | J2: =MROUND(G2+0.5*I2/6,0.5) -> 8
A3: 19.00386-2 | B3: =VLOOKUP(A3,'Ordem Turmas'!A:B,2,FALSE) -> 2 | C3: Lucas Miguel De Matos Negri | D3: =VLOOKUP(A3,'Atividades e Projeto Notas'!A:H,2,FALSE) -> Lucas Miguel de Matos Negri | E3: =VLOOKUP(A3,'Atividades e Projeto Notas'!A:H,7,FALSE) -> 10 | F3: =VLOOKUP(A3,'Atividades e Projeto Notas'!A:H,8,FALSE) -> 5 | G3: =VLOOKUP(A3,'Nota P4 Lab'!C:E,3,FALSE) -> 7 | H3: =VLOOKUP(A3,'Nota P4 Lab'!C:E,2,FALSE) -> Lucas Miguel de Matos Negri | I3: 2 | J3: =MROUND(G3+0.5*I3/6,0.5) -> 7
A4: 19.02028-7 | B4: =VLOOKUP(A4,'Ordem Turmas'!A:B,2,FALSE) -> 3 | C4: Larissa Navarro Pizarro | D4: =VLOOKUP(A4,'Atividades e Projeto Notas'!A:H,2,FALSE) -> Larissa Navarro Pizarro | E4: =VLOOKUP(A4,'Atividades e Projeto Notas'!A:H,7,FALSE) -> 10 | F4: =VLOOKUP(A4,'Atividades e Projeto Notas'!A:H,8,FALSE) -> 5 | G4: =VLOOKUP(A4,'Nota P4 Lab'!C:E,3,FALSE) -> 3 | H4: =VLOOKUP(A4,'Nota P4 Lab'!C:E,2,FALSE) -> Larissa Navarro Pizarro | I4: 0 | J4: =MROUND(G4+0.5*I4/6,0.5) -> 3
A5: 20.00041-3 | B5: =VLOOKUP(A5,'Ordem Turmas'!A:B,2,FALSE) -> 4 | C5: Bruno Bosa Lopes | D5: =VLOOKUP(A5,'Atividades e Projeto Notas'!A:H,2,FALSE) -> Bruno Bosa Lopes | E5: =VLOOKUP(A5,'Atividades e Projeto Notas'!A:H,7,FALSE) -> 9 | F5: =VLOOKUP(A5,'Atividades e Projeto Notas'!A:H,8,FALSE) -> 10 | G5: =VLOOKUP(A5,'Nota P4 Lab'!C:E,3,FALSE) -> 8 | H5: =VLOOKUP(A5,'Nota P4 Lab'!C:E,2,FALSE) -> Bruno Bosa Lopes | I5: 0 | J5: =MROUND(G5+0.5*I5/6,0.5) -> 8
A6: 20.00601-2 | B6: =VLOOKUP(A6,'Ordem Turmas'!A:B,2,FALSE) -> 5 | C6: Vinicius Urias Da Cruz | D6: =VLOOKUP(A6,'Atividades e Projeto Notas'!A:H,2,FALSE) -> Vinicius Urias da Cruz | E6: =VLOOKUP(A6,'Atividades e Projeto Notas'!A:H,7,FALSE) -> 10 | F6: =VLOOKUP(A6,'Atividades e Projeto Notas'!A:H,8,FALSE) -> 5 | G6: =VLOOKUP(A6,'Nota P4 Lab'!C:E,3,FALSE) -> 5 | H6: =VLOOKUP(A6,'Nota P4 Lab'!C:E,2,FALSE) -> Vinicius Urias da Cruz | I6: 0 | J6: =MROUND(G6+0.5*I6/6,0.5) -> 5
A7: 20.00822-8 | B7: =VLOOKUP(A7,'Ordem Turmas'!A:B,2,FALSE) -> 6 | C7: Gabriel Bianconi | D7: =VLOOKUP(A7,'Atividades e Projeto Notas'!A:H,2,FALSE) -> Gabriel Bianconi | E7: =VLOOKUP(A7,'Atividades e Projeto Notas'!A:H,7,FALSE) -> 9.5 | F7: =VLOOKUP(A7,'Atividades e Projeto Notas'!A:H,8,FALSE) -> 6 | G7: =VLOOKUP(A7,'Nota P4 Lab'!C:E,3,FALSE) -> 7.5 | H7: =VLOOKUP(A7,'Nota P4 Lab'!C:E,2,FALSE) -> Gabriel Bianconi | I7: 1.5 | J7: =MROUND(G7+0.5*I7/6,0.5) -> 7.5
A8: 20.01308-6 | B8: =VLOOKUP(A8,'Ordem Turmas'!A:B,2,FALSE) -> 7 | C8: Carlos Alberto Matias Da Costa | D8: =VLOOKUP(A8,'Atividades e Projeto Notas'!A:H,2,FALSE) -> Carlos Alberto Matias da Costa | E8: =VLOOKUP(A8,'Atividades e Projeto Notas'!A:H,7,FALSE) -> 9.5 | F8: =VLOOKUP(A8,'Atividades e Projeto Notas'!A:H,8,FALSE) -> 6 | G8: =VLOOKUP(A8,'Nota P4 Lab'!C:E,3,FALSE) -> 7 | H8: =VLOOKUP(A8,'Nota P4 Lab'!C:E,2,FALSE) -> Carlos Alberto Matias da Costa | I8: 1 | J8: =MROUND(G8+0.5*I8/6,0.5) -> 7
A9: 20.01629-8 | B9: =VLOOKUP(A9,'Ordem Turmas'!A:B,2,FALSE) -> 8 | C9: Matheus Igino Machado | D9: =VLOOKUP(A9,'Atividades e Projeto Notas'!A:H,2,FALSE) -> Matheus Igino Machado | E9: =VLOOKUP(A9,'Atividades e Projeto Notas'!A:H,7,FALSE) -> 10 | F9: =VLOOKUP(A9,'Atividades e Projeto Notas'!A:H,8,FALSE) -> 5 | G9: =VLOOKUP(A9,'Nota P4 Lab'!C:E,3,FALSE) -> 7 | H9: =VLOOKUP(A9,'Nota P4 Lab'!C:E,2,FALSE) -> Matheus Igino Machado | I9: 2 | J9: =MROUND(G9+0.5*I9/6,0.5) -> 7
A10: 20.01913-0 | B10: =VLOOKUP(A10,'Ordem Turmas'!A:B,2,FALSE) -> 9 | C10: Eduardo Lucas Felippa | D10: =VLOOKUP(A10,'Atividades e Projeto Notas'!A:H,2,FALSE) -> Eduardo Lucas Felippa | E10: =VLOOKUP(A10,'Atividades e Projeto Notas'!A:H,7,FALSE) -> 10 | F10: =VLOOKUP(A10,'Atividades e Projeto Notas'!A:H,8,FALSE) -> 9 | G10: =VLOOKUP(A10,'Nota P4 Lab'!C:E,3,FALSE) -> 8 | H10: =VLOOKUP(A10,'Nota P4 Lab'!C:E,2,FALSE) -> Eduardo Lucas Felippa | I10: 4 | J10: =MROUND(G10+0.5*I10/6,0.5) -> 8.5
A11: 20.02146-0 | B11: =VLOOKUP(A11,'Ordem Turmas'!A:B,2,FALSE) -> 10 | C11: Kaiven Yang Su | D11: =VLOOKUP(A11,'Atividades e Projeto Notas'!A:H,2,FALSE) -> Kaiven Yang Su | E11: =VLOOKUP(A11,'Atividades e Projeto Notas'!A:H,7,FALSE) -> 10 | F11: =VLOOKUP(A11,'Atividades e Projeto Notas'!A:H,8,FALSE) -> 9 | G11: =VLOOKUP(A11,'Nota P4 Lab'!C:E,3,FALSE) -> 7 | H11: =VLOOKUP(A11,'Nota P4 Lab'!C:E,2,FALSE) -> Kaiven Yang Su | I11: 1 | J11: =MROUND(G11+0.5*I11/6,0.5) -> 7
A12: 20.02194-0 | B12: =VLOOKUP(A12,'Ordem Turmas'!A:B,2,FALSE) -> 11 | C12: Bruno Augusto Lopes Fevereiro | D12: =VLOOKUP(A12,'Atividades e Projeto Notas'!A:H,2,FALSE) -> Bruno Augusto Lopes Fevereiro | E12: =VLOOKUP(A12,'Atividades e Projeto Notas'!A:H,7,FALSE) -> 9.5 | F12: =VLOOKUP(A12,'Atividades e Projeto Notas'!A:H,8,FALSE) -> 6 | G12: =VLOOKUP(A12,'Nota P4 Lab'!C:E,3,FALSE) -> 8.5 | H12: =VLOOKUP(A12,'Nota P4 Lab'!C:E,2,FALSE) -> Bruno Augusto Lopes Fevereiro | I12: 2 | J12: =MROUND(G12+0.5*I12/6,0.5) -> 8.5
A13: 21.00127-8 | B13: =VLOOKUP(A13,'Ordem Turmas'!A:B,2,FALSE) -> 12 | C13: Felipe Rodrigues Peixoto Da Silva | D13: =VLOOKUP(A13,'Atividades e Projeto Notas'!A:H,2,FALSE) -> Felipe Rodrigues Peixoto da Silva | E13: =VLOOKUP(A13,'Atividades e Projeto Notas'!A:H,7,FALSE) -> 10 | F13: =VLOOKUP(A13,'Atividades e Projeto Notas'!A:H,8,FALSE) -> 9 | G13: =VLOOKUP(A13,'Nota P4 Lab'!C:E,3,FALSE) -> 8 | H13: =VLOOKUP(A13,'Nota P4 Lab'!C:E,2,FALSE) -> FELIPE RODRIGUES PEIXOTO DA SILVA | I13: 2 | J13: =MROUND(G13+0.5*I13/6,0.5) -> 8
... A40: 21.02093-0 | B40: =VLOOKUP(A40,'Ordem Turmas'!A:B,2,FALSE) -> 39 | C40: Enzo De Britto Suannes Pucci | D40: =VLOOKUP(A40,'Atividades e Projeto Notas'!A:H,2,FALSE) -> Enzo Pucci | E40: =VLOOKUP(A40,'Atividades e Projeto Notas'!A:H,7,FALSE) -> 9 | F40: =VLOOKUP(A40,'Atividades e Projeto Notas'!A:H,8,FALSE) -> 10 | G40: =VLOOKUP(A40,'Nota P4 Lab'!C:E,3,FALSE) -> 5.5 | H40: =VLOOKUP(A40,'Nota P4 Lab'!C:E,2,FALSE) -> Enzo Pucci | I40: 2 | J40: =MROUND(G40+0.5*I40/6,0.5) -> 5.5
C41: Médias | E41: =AVERAGE(E2:E40) -> 9.8333333 | F41: =AVERAGE(F2:F40) -> 8.525641 | J41: =AVERAGE(J2:J40) -> 7.4487179

Sheet Nota P4 Lab
A1: Carimbo de data/hora | B1: Endereço de e-mail | C1: RA | D1: Nome | E1: Nota | F1: Q1. PCA, qual o número de features obtido no modelo? | G1: Q2. Qual o melhor modelo segundo os critérios informados e a acuracidade obtida sobre os dados de teste? | H1: Q3. Qual a classe mais prevista nos novos dados e a sua quantidade? (informe mais de uma classe no caso de empate das quantidades) | I1: Q4. Qual a acuracidade de clusterização obtida? | J1: Q5. Qual o valor de silhueta e melhor número de clusters obtidos? (não se esqueça de fazer os gráfico dos sinais médios de cada grupo no seu notebook) | K1: Poste aqui o link do seu notebook Colab compartilhado como público. Exemplo: https://colab.research.google.com/drive/1cJJWfFTIJ_iWYw7t1VPlPOFBsv9XsCWF#scrollTo=edfpleAbtOzo | L1: Ex1 1a parte | M1: Ex1 2a parte | N1: Ex1 Comentários | O1: Ex2 | P1: Ex2 Comentários | Q1: Ex3 | R1: Ex3 Comentários
A2: 45980.757 | B2: 21.01922-3@maua.br | C2: 21.01922-3 | D2: André Lucas Gois Soares | E2: =(Form_Responses[[#This Row],[Ex1 1a parte]]+Form_Responses[[#This Row],[Ex1 2a parte]]+Form_Responses[[#This Row],[Ex2]]+Form_Responses[[#This Row],[Ex3]]) -> 7 | F2: 438 | G2: Regressão Logística | H2: talk.politics.misc | I2: 2444 | J2: 0.173 e k=2 | K2: https://colab.research.google.com/drive/1iSuuU97BbSIVThHcSNeeudYAVxexSdJN?usp=sharing | L2: 2 | M2: 2.5 | N2: ver tfidf | O2: 2.5 | P2: era sem pca | Q2: 0
A3: 45980.75 | B3: tomferrite1@gmail.com | C3: 21.00663-6 | D3: Antonio Macedo Ferrite | E3: =(Form_Responses[[#This Row],[Ex1 1a parte]]+Form_Responses[[#This Row],[Ex1 2a parte]]+Form_Responses[[#This Row],[Ex2]]+Form_Responses[[#This Row],[Ex3]]) -> 7.5 | F3: 446 | G3: Naive Bayes 0.857 | H3: talk.politics.guns / comp.os.ms-windows.misc Ambas com 3 | I3: 0.564 | J3: k=2 silhueta=0,253 | K3: https://colab.research.google.com/drive/1_VN2Gi8q1oYHPSH94MtaM1DEWiWpOfb3?usp=sharing | L3: 2.5 | M3: 2.5 | O3: 2.5 | P3: era sem pca | Q3: 0
A4: 45980.765 | B4: 20.02194-0@maua.br | C4: 20.02194-0 | D4: Bruno Augusto Lopes Fevereiro | E4: =(Form_Responses[[#This Row],[Ex1 1a parte]]+Form_Responses[[#This Row],[Ex1 2a parte]]+Form_Responses[[#This Row],[Ex2]]+Form_Responses[[#This Row],[Ex3]]) -> 8.5 | F4: 300 | G4: Logistic Regression (REDUZIDO – PCA/SVD) com acurácia = 0.8399 | H4: talk.politics.guns, comp.os.ms-windows.misc | I4: 3974 | J4: k = 2 clusters, com silhueta = 0.2693 | K4: https://colab.research.google.com/drive/19NdMGw5TcVwOuh75WV3T4C9D6KNp3u4J?usp=sharing | L4: 2.5 | M4: 2.5 | O4: 3 | Q4: 0.5 | R4: série errada, era a transposta
A5: 45980.767 | B5: 20.00041-3@maua.br | C5: 20.00041-3 | D5: Bruno Bosa Lopes | E5: =(Form_Responses[[#This Row],[Ex1 1a parte]]+Form_Responses[[#This Row],[Ex1 2a parte]]+Form_Responses[[#This Row],[Ex2]]+Form_Responses[[#This Row],[Ex3]]) -> 8 | F5: 443 | G5: NaiveBayes (Sem PCA) - 0.768 | H5: talk.politics.misc', 'quantidade': 4 | I5: 379 | J5: melhor n clusters: 2, silhueta: 0.173 | K5: https://colab.research.google.com/drive/1JARPotuWUC99JAwYduOjkq222cNsIXnT?usp=sharing | L5: 2.5 | M5: 2.5 | O5: 2.5 | P5: fit_transform | Q5: 0.5 | R5: série errada, era a transposta
A6: 45980.761 | B6: 21.00931-7@maua.br | C6: 21.00931-7 | D6: Caio Montes Correia | E6: =(Form_Responses[[#This Row],[Ex1 1a parte]]+Form_Responses[[#This Row],[Ex1 2a parte]]+Form_Responses[[#This Row],[Ex2]]+Form_Responses[[#This Row],[Ex3]]) -> 8 | F6: 495 | G6: LogisticRegression; 0.806 | H6: talk.politics.misc: 3 , rec.sport.baseball:3 ; alt.atheism: 3 | I6: 5516 | J6: 0.2693, 2 clusters | K6: https://colab.research.google.com/drive/13fKo-wgEZgS37GK481Bd1vkL5VYM7VZl?usp=sharing | L6: 2.5 | M6: 2.5 | O6: 2.5 | P6: fit_transform | Q6: 0.5 | R6: série errada, era a transposta
A7: 45980.758 | B7: 20.01308-6@maua.br | C7: 20.01308-6 | D7: Carlos Alberto Matias da Costa | E7: =(Form_Responses[[#This Row],[Ex1 1a parte]]+Form_Responses[[#This Row],[Ex1 2a parte]]+Form_Responses[[#This Row],[Ex2]]+Form_Responses[[#This Row],[Ex3]]) -> 7 | F7: 1 | G7: DecisionTree (entropy); acuracidade:0.251559 | H7: comp.os.ms-windows.misc e talk.politics.guns , que ficaram empatadas com 3 ocorrências cada | I7: acuracidade: 0.2076 | J7: silhueta: 0.2693; melhor número de clusters: 2 | K7: https://colab.research.google.com/drive/1ubhjkdDpoYNYyACC4ZUMve5bjvHBzJcI?usp=sharing | L7: 2.5 | M7: 2 | N7: algo errado na RL | O7: 2 | P7: tf_idf precisaria ser reaplicado a todos os dados | Q7: 0.5 | R7: série errada, era a transposta
A8: 45980.756 | B8: 21.00781-0@maua.br | C8: 21.00781-0 | D8: Carlos Augusto Freire Maia de Oliveira | E8: =(Form_Responses[[#This Row],[Ex1 1a parte]]+Form_Responses[[#This Row],[Ex1 2a parte]]+Form_Responses[[#This Row],[Ex2]]+Form_Responses[[#This Row],[Ex3]]) -> 8.5 | F8: 446 | G8: O melhor modelo foi o NaiveBayes_Multinomial, com acurácia de 0.8565 sobre os dados de teste. Esse modelo teve o melhor desempenho sem o uso de PCA. Porém considerando o uso do PCA, o modelo LogReg foi escolhido como o melhor modelo com acurácia de 0.8420, já que a perda de acurácia foi de menos de 10% | H8: As classes "talk.politics.guns" e "comp.os.ms-windows.misc" são as mais previstas com 3 ocorrências cada. | I8: 3352 | J8: k: 2 Valor de silhueta: 0.2693239841894235 | K8: https://colab.research.google.com/drive/1LEEfZy61VYbdvsMGwPJ8e2rZL4at1UU_?usp=sharing | L8: 2.5 | M8: 2.5 | O8: 3 | Q8: 0.5 | R8: série errada, era a transposta
A9: 45980.761 | B9: 21.00478-0@maua.br | C9: 21.00478-0 | D9: Cesar Fukushima Kim Bresciani | E9: =(Form_Responses[[#This Row],[Ex1 1a parte]]+Form_Responses[[#This Row],[Ex1 2a parte]]+Form_Responses[[#This Row],[Ex2]]+Form_Responses[[#This Row],[Ex3]]) -> 8 | F9: 446 | G9: Regressão Logística. 85.81% | H9: talk.politics.guns, comp.os.ms-windows.misc | I9: 0.64 | J9: Melhor valor de silhueta: 0.269. Melhor número de clusters: 2 | K9: https://colab.research.google.com/drive/12ovuI-e04k7nfdWPCs-IoPE6tM5HVvKb?usp=sharing | L9: 2.5 | M9: 2.5 | O9: 2.5 | P9: linear_sum_assignment??? | Q9: 0.5 | R9: série errada, era a transposta
A10: 45980.766 | B10: 20.01913-0@maua.br | C10: 20.01913-0 | D10: Eduardo Lucas Felippa | E10: =(Form_Responses[[#This Row],[Ex1 1a parte]]+Form_Responses[[#This Row],[Ex1 2a parte]]+Form_Responses[[#This Row],[Ex2]]+Form_Responses[[#This Row],[Ex3]]) -> 8 | F10: 454 | G10: O melhor modelo foi o de Regressão Logística com PCA, que teve acuracidade de 0.869797 | H10: É a classe comp.os.ms-windows.misc, prevista 3 vezes | I10: 5555 | J10: Silhueta de 0.2693239841894235 para 2 clusters (melhor número) | K10: https://colab.research.google.com/drive/1EGQw0UGgun9sDdQEx3T1pk2g5AVTK4de?usp=sharing | L10: 2.5 | M10: 2.5 | N10: verificar, sem outputs no notebook | O10: 2.5 | P10: verificar, sem outputs no notebook | Q10: 0.5 | R10: série errada, era a transposta
A11: 45980.764 | B11: enderenzo@gmail.com | C11: 21.01535-0 | D11: Enzo Moura | E11: =(Form_Responses[[#This Row],[Ex1 1a parte]]+Form_Responses[[#This Row],[Ex1 2a parte]]+Form_Responses[[#This Row],[Ex2]]+Form_Responses[[#This Row],[Ex3]]) -> 8.5 | F11: 446 | G11: LogisticRegression(max_iter=1000, random_state=42), Acuracidade nos dados de teste: 0.858 | H11: talk.politics.guns, comp.os.ms-windows.misc, com 3 quantidades cada | I11: 640 | J11: Silhueta: 0.2533, Clusters: 2 | K11: https://colab.research.google.com/drive/17EZnI-Zm3ewvDORaMiBJgPummZjUOK6l?usp=sharing | L11: 2.5 | M11: 2.5 | O11: 3 | Q11: 0.5 | R11: série errada, era a transposta
A12: 45980.765 | B12: enzo.britto.pucci@gmail.com | C12: 21.02093-0 | D12: Enzo Pucci | E12: =(Form_Responses[[#This Row],[Ex1 1a parte]]+Form_Responses[[#This Row],[Ex1 2a parte]]+Form_Responses[[#This Row],[Ex2]]+Form_Responses[[#This Row],[Ex3]]) -> 5.5 | F12: 1 | G12: O melhor modelo, segundo os critérios informados, é o Naive Bayes sem PCA, com acurácia de aproximadamente 85,6% nos dados de teste. | H12: Classes: ['talk.politics.guns', 'comp.os.ms-windows.misc'] Quantidade: 3 | I12: Acurácia da clusterização: ~40% (0.3979) | J12: Melhor número de clusters (k): 2 | Valor da silhueta: 0.2533 | K12: https://colab.research.google.com/drive/1PTMIdHgu9s01UIAl2qlHwyd0wdvfVANw?usp=sharing | L12: 1 | M12: 2.5 | N12: SVD? | O12: 1.5 | P12: label encode, Hungarian algorithm | Q12: 0.5 | R12: série errada, era a transposta
A13: 45980.768 | B13: 21.00210-0@maua.br | C13: 21.00210-0 | D13: Enzo Sakamoto | E13: =(Form_Responses[[#This Row],[Ex1 1a parte]]+Form_Responses[[#This Row],[Ex1 2a parte]]+Form_Responses[[#This Row],[Ex2]]+Form_Responses[[#This Row],[Ex3]]) -> 8 | F13: 446 | G13: LogisticRegression, 0.858 | H13: talk.politics.guns, comp.os.ms-windows.misc | I13: 685 | J13: 0.269, 2 | K13: https://colab.research.google.com/drive/1PrBg19ttB_0w_B14dmJtkTbHo6YOzrN8?usp=sharing | L13: 2.5 | M13: 2.5 | O13: 2.5 | P13: linear_sum_assignment??? | Q13: 0.5 | R13: série errada, era a transposta
A14: 45980.759 | B14: 21.00690-3@maua.br | C14: 21.00690-3 | D14: Erick Eiji Nagao | E14: =(Form_Responses[[#This Row],[Ex1 1a parte]]+Form_Responses[[#This Row],[Ex1 2a parte]]+Form_Responses[[#This Row],[Ex2]]+Form_Responses[[#This Row],[Ex3]]) -> 5.5 | F14: 496 | G14: Regressão Logística (com PCA). A acurácia com PCA (0.8179) foi extremamente próxima da original (0.8202), respeitando o critério de perda menor que 10%. | H14: talk.politics.misc, rec.sport.baseball, alt.atheism / Quantidade: 3 | I14: Acuracidade (Silhouette Score) para k=2: 0.2693 | J14: Melhor número de clusters: 2 Valor de silhueta: 0.2693 | K14: https://colab.research.google.com/drive/1okrjPZvaTOOW4VtedLnbbaCNNoPpJ2mA?usp=sharing | L14: 2.5 | M14: 2.5 | O14: 0 | P14: Faltou atenção à explicação do Ex 2 | Q14: 0.5 | R14: série errada, era a transposta
A15: 45980.77 | B15: frps2003@gmail.com | C15: 21.00127-8 | D15: FELIPE RODRIGUES PEIXOTO DA SILVA | E15: =(Form_Responses[[#This Row],[Ex1 1a parte]]+Form_Responses[[#This Row],[Ex1 2a parte]]+Form_Responses[[#This Row],[Ex2]]+Form_Responses[[#This Row],[Ex3]]) -> 8 | F15: 524 | G15: Modelo: LogReg_PCA Acurácia de teste: 0.7952 (PCA usado) | H15: pred talk.politics.guns 3 Name: count, dtype: int64 | I15: 4011 | J15: Melhor número de clusters: 2 Melhor silhueta: 0.2533 | K15: https://colab.research.google.com/drive/1QsXbrE2Elm_9lKlCvDeXcjiolPF1Awbz?usp=sharing | L15: 2.5 | M15: 2.5 | O15: 2.5 | P15: fit_transform | Q15: 0.5 | R15: série errada, era a transposta
A16: 45980.761 | B16: flaviomurata02@gmail.com | C16: 21.01192-3 | D16: Flavio Murata | E16: =(Form_Responses[[#This Row],[Ex1 1a parte]]+Form_Responses[[#This Row],[Ex1 2a parte]]+Form_Responses[[#This Row],[Ex2]]+Form_Responses[[#This Row],[Ex3]]) -> 7 | F16: 496 | G16: LogisticRegression (com PCA), 0.818 | H16: ['talk.politics.misc', 'rec.sport.baseball', 'alt.atheism'], Quantidade: 3 | I16: 554 | J16: Numero clusters: 2, Silhouette Score: 0.2693 | K16: https://colab.research.google.com/drive/1HJ6woaU0cpmgdrcT6qsdJS0XlcWwJ3VF?usp=sharing | L16: 2.5 | M16: 1.5 | N16: Deveria empregar CV | O16: 2.5 | P16: fit_transform | Q16: 0.5 | R16: série errada, era a transposta
A17: 45980.756 | B17: 20.00822-8@maua.br | C17: 20.00822-8 | D17: Gabriel Bianconi | E17: =(Form_Responses[[#This Row],[Ex1 1a parte]]+Form_Responses[[#This Row],[Ex1 2a parte]]+Form_Responses[[#This Row],[Ex2]]+Form_Responses[[#This Row],[Ex3]]) -> 7.5 | F17: 453 | G17: Logistic Regression, acuracidade com PCA, acuracidade: 0.854470 | H17: talk.politics.guns quantidade = 4 | I17: 6309 | J17: k = 2, silhueta = 0.2545 | K17: https://colab.research.google.com/drive/1A5gi7Os5PfDUCfb6r10DWuzKR2yG9WYq?usp=sharing | L17: 2 | M17: 2.5 | N17: stopwords | O17: 2.5 | P17: fit_transform | Q17: 0.5 | R17: série errada, era a transposta
A18: 45980.764 | B18: 21.01286-5@maua.br | C18: 21.01286-5 | D18: Gabriel Henrique Baca Rado | E18: =(Form_Responses[[#This Row],[Ex1 1a parte]]+Form_Responses[[#This Row],[Ex1 2a parte]]+Form_Responses[[#This Row],[Ex2]]+Form_Responses[[#This Row],[Ex3]]) -> 8 | F18: 446 | G18: Regressão Logística, acuracidade: 0.7581 | H18: talk.politics.misc: 3 ocorrências alt.atheism: 3 ocorrências | I18: 3736 | J18: valor de silhueta: 0.1238; 2 clusters | K18: https://colab.research.google.com/drive/1RWBDCnyFNQ_u2m6PJjZ7Oc5irZ0vizum?usp=sharing | L18: 2.5 | M18: 2.5 | O18: 2.5 | P18: fit_transform | Q18: 0.5 | R18: série errada, era a transposta
A19: 45980.752 | B19: gabriel.allievi10@gmail.com | C19: 21.01350-0 | D19: Gabriel Zendron Allievi | E19: =(Form_Responses[[#This Row],[Ex1 1a parte]]+Form_Responses[[#This Row],[Ex1 2a parte]]+Form_Responses[[#This Row],[Ex2]]+Form_Responses[[#This Row],[Ex3]]) -> 8 | F19: 448 | G19: Modelo de regressão logística, com acuracidade de 0.85 | H19: As classes mais previstas foram comp.os.ms-windows.misc e talk.politics.guns, com 3. | I19: 206 | J19: Melhor valor de silhueta: 0.253; Melhor número: 2 | K19: https://colab.research.google.com/drive/1tC9r32nZ6eS8FYIm3YBGsRmI2NxtLxwc?usp=sharing | L19: 2.5 | M19: 2.5 | O19: 2.5 | P19: sem pca | Q19: 0.5 | R19: série errada, era a transposta
A20: 45980.746 | B20: 21.00834-5@maua.br | C20: 21.00834-5 | D20: Igor Improta | E20: =(Form_Responses[[#This Row],[Ex1 1a parte]]+Form_Responses[[#This Row],[Ex1 2a parte]]+Form_Responses[[#This Row],[Ex2]]+Form_Responses[[#This Row],[Ex3]]) -> 8.5 | F20: 495 | G20: Melhor modelo: MultinomialNB-full (sem PCA) Acurácia no conjunto de teste: 0.8052 (80,52%) Usando PCA: Não | H20: Classes mais previstas (empatadas): talk.politics.misc – 3 previsões rec.sport.baseball – 3 previsões alt.atheism – 3 previsões | I20: Acurácia de clusterização (KMeans): 0.5252 | J20: Melhor número de clusters: 2 Valor da silhueta: 0.2533 | K20: https://colab.research.google.com/drive/1tMpEe1TD29uXUlEvM1rYZy2aDVJYDWzo?usp=sharing | L20: 2.5 | M20: 2.5 | O20: 3 | Q20: 0.5 | R20: série errada, era a transposta
A21: 45980.767 | B21: izabel.sampaio120@gmail.com | C21: 21.00098-0 | D21: Izabel Sampaio Goes | E21: =(Form_Responses[[#This Row],[Ex1 1a parte]]+Form_Responses[[#This Row],[Ex1 2a parte]]+Form_Responses[[#This Row],[Ex2]]+Form_Responses[[#This Row],[Ex3]]) -> 8 | F21: 1024 | G21: Modelo: Regressão Logística Dataset: Reduzido (PCA) Acurácia: 0.8087 | H21: talk.politics.guns e comp.os.ms-windows.misc (3) | I21: Acurácia de Clusterização: 0.4376 | J21: Melhor número de clusters (k): 2 Melhor coeficiente de Silhueta: 0.2533 | K21: https://colab.research.google.com/drive/1MBMegOFreDFyrm4EY2WG1ezb4UCxAd20?usp=sharing | L21: 2.5 | M21: 2.5 | O21: 2.5 | P21: fit_transform | Q21: 0.5 | R21: série errada, era a transposta
A22: 45980.764 | B22: 21.01809-0@maua.br | C22: 21.01809-0 | D22: João Paulo de Souza Rodrigues | E22: =(Form_Responses[[#This Row],[Ex1 1a parte]]+Form_Responses[[#This Row],[Ex1 2a parte]]+Form_Responses[[#This Row],[Ex2]]+Form_Responses[[#This Row],[Ex3]]) -> 8 | F22: 1 | G22: O melhor modelo foi o de regressão logística sem PCA, com acurácia de 0,81 | H22: Classe mais vista foi a talk.politics.guns, vista 3 vezes | I22: 0.207 | J22: Melhor número de clusters foi 2, valor da silhueta igual a 0,269 | K22: https://colab.research.google.com/drive/1Z88I0-mxBXF46q1fr6JqHmuNSDrv1xh6?usp=sharing | L22: 2.5 | M22: 2.5 | O22: 2.5 | P22: fit_transform | Q22: 0.5
A23: 45980.752 | B23: 21.00410-2@maua.br | C23: 21.00410-2 | D23: Joao Pedro Soares dos Santos | E23: =(Form_Responses[[#This Row],[Ex1 1a parte]]+Form_Responses[[#This Row],[Ex1 2a parte]]+Form_Responses[[#This Row],[Ex2]]+Form_Responses[[#This Row],[Ex3]]) -> 7.5 | F23: 453 | G23: Regressão Logística , acurácia : 0.8545 | H23: talk.politics.guns, 4 casos | I23: 4648 | J23: valor de silhueta: 0.2533, melhor número de clusters:2 | K23: https://colab.research.google.com/drive/1nuMcL1yKVlo_jomqMEkboSziJYHcUk0L?usp=sharing | L23: 2 | M23: 2.5 | N23: stopwords | O23: 2.5 | P23: fit_transform | Q23: 0.5 | R23: série errada, era a transposta
A24: 45980.765 | B24: 21.01075-7@maua.br | C24: 21.01075-7 | D24: João Vitor Choueri Branco | E24: =(Form_Responses[[#This Row],[Ex1 1a parte]]+Form_Responses[[#This Row],[Ex1 2a parte]]+Form_Responses[[#This Row],[Ex2]]+Form_Responses[[#This Row],[Ex3]]) -> 6 | F24: 584 | G24: O melhor modelo, de acordo com o critério estabelecido, é a Regressão Logística utilizando os dados reduzidos por PCA, que apresentou acurácia de 0.7447, superior tanto ao modelo sem redução (0.7200) quanto aos demais classificadores avaliados. Além disso, a redução não resultou em perda de desempenho, mas sim em leve melhoria, atendendo integralmente ao critério de selecionar o modelo com PCA com perda inferior a 10%. | H24: Classe: 'talk.politics.misc', Quantidade: 4 | I24: XPTO | J24: XPTO | K24: https://colab.research.google.com/drive/1YYGOlIZ-EufckD7UHHZRY17JVzt1PnEx?usp=sharing | L24: 1.5 | M24: 2.5 | N24: stopwords; tfidf já é normalizado | O24: 2 | P24: stopwords; tfidf já é normalizado | Q24: 0
A25: 45980.756 | B25: juliagalhardi.c@gmail.com | C25: 21.01997-5 | D25: Júlia Galhardi Cerqueira | E25: =(Form_Responses[[#This Row],[Ex1 1a parte]]+Form_Responses[[#This Row],[Ex1 2a parte]]+Form_Responses[[#This Row],[Ex2]]+Form_Responses[[#This Row],[Ex3]]) -> 8 | F25: 1024 | G25: O melhor modelo é de Regressão Logística com dados reduzidos (PCA) | H25: As classes mais previstas (quantidade = 3) foram talk.politics.misc e alt.atheism | I25: Acurácia de Clusterização: 0.4171 | J25: Melhor número de clusters (k): 2 (Silhueta: 0.2533) | K25: https://colab.research.google.com/drive/1vgSjyZbXvQ6WCPGEm68HgEsPl_i9vmir?usp=sharing | L25: 2.5 | M25: 2.5 | O25: 2.5 | P25: fit_transform | Q25: 0.5 | R25: série errada, era a transposta
A26: 45980.764 | B26: 20.02146-0@maua.br | C26: 20.02146-0 | D26: Kaiven Yang Su | E26: =(Form_Responses[[#This Row],[Ex1 1a parte]]+Form_Responses[[#This Row],[Ex1 2a parte]]+Form_Responses[[#This Row],[Ex2]]+Form_Responses[[#This Row],[Ex3]]) -> 7 | F26: 446 | G26: O Melhor modelo é a Regressão Logística pois apresnta a maior acurácia, e sua acurácia com o PCA não foi impactada siginificativamente. (84.20% com PCA vs 84.93% sem PCA) | H26: As classes mais previstas foram talk.politics.guns e comp.os.ms-windows.misc, ambas com 3 predições, entre os novos dados (com PCA) | I26: 0 | J26: silhueta: 0.1975, n_cluster: 3 | K26: https://colab.research.google.com/drive/1pBQS_FGFl1l6WPDHKIdRubZ4UPnXU3U8?usp=sharing | L26: 2.5 | M26: 2.5 | O26: 0 | P26: Faltou atenção à explicação do Ex 2 | Q26: 2
A27: 45980.761 | B27: larissa.navarro.pizarro@gmail.com | C27: 19.02028-7 | D27: Larissa Navarro Pizarro | E27: =(Form_Responses[[#This Row],[Ex1 1a parte]]+Form_Responses[[#This Row],[Ex1 2a parte]]+Form_Responses[[#This Row],[Ex2]]+Form_Responses[[#This Row],[Ex3]]) -> 3 | F27: 582 | G27: LogisticRegression_PCA com acurácia de 0.75 | H27: ['talk.politics.misc', 'alt.atheism'] previstas 3 vezes. | I27: 492 | J27: 0.253 e cluster 2 | K27: https://colab.research.google.com/drive/1VnaySQ7kKx3ApXvl6QkR8Q5ct99tO6o6?usp=sharing | L27: 0 | M27: 2.5 | N27: Código nem executa | O27: 0 | P27: Código nem executa | Q27: 0.5 | R27: série errada, era a transposta
A28: 45980.76 | B28: lucas.matosnegri@hotmail.com | C28: 19.00386-2 | D28: Lucas Miguel de Matos Negri | E28: =(Form_Responses[[#This Row],[Ex1 1a parte]]+Form_Responses[[#This Row],[Ex1 2a parte]]+Form_Responses[[#This Row],[Ex2]]+Form_Responses[[#This Row],[Ex3]]) -> 7 | F28: Número de features: 441 | G28: LogReg - 0.8441 | H28: talk.politics.guns = 3 comp.os.ms-windows.misc = 3 | I28: Acurácia da clusterização (K-means): 0.5641 | J28: Melhor número de clusters: k = 2 (silhouette = 0.2798) | K28: https://colab.research.google.com/drive/1wuk9CQ7LSSH3ilUyw3PR6-RIXmcF3sTT?usp=sharing | L28: 2.5 | M28: 1.5 | N28: Deveria empregar CV | O28: 2.5 | P28: fit_transform | Q28: 0.5 | R28: série errada, era a transposta
A29: 45980.768 | B29: mafepinhogarcia@gmail.com | C29: 21.00256-8 | D29: Maria Fernanda Pinho Garcia | E29: =(Form_Responses[[#This Row],[Ex1 1a parte]]+Form_Responses[[#This Row],[Ex1 2a parte]]+Form_Responses[[#This Row],[Ex2]]+Form_Responses[[#This Row],[Ex3]]) -> 9 | F29: 446 | G29: Regressão Logística, acurácia de 0.858 | H29: talk.politics.guns, comp.os.ms-windows.misc | I29: 685 | J29: Silhouette=0.3662, k=2 | K29: https://colab.research.google.com/drive/1KJiy3mkwOhScOa6OXP6orGEVKxxWuKBL?usp=sharing | L29: 2.5 | M29: 2.5 | O29: 2.5 | P29: fit_transform | Q29: 1.5 | R29: 3 clusters
A30: 45980.761 | B30: mathmachadoo@gmail.com | C30: 20.01629-8 | D30: Matheus Igino Machado | E30: =(Form_Responses[[#This Row],[Ex1 1a parte]]+Form_Responses[[#This Row],[Ex1 2a parte]]+Form_Responses[[#This Row],[Ex2]]+Form_Responses[[#This Row],[Ex3]]) -> 7 | F30: 524 | G30: Melhor Modelo: LogReg Acurácia: 0.7952 | H30: Classe mais prevista: ['talk.politics.guns'] Quantidade: 3 | I30: Acurácia da clusterização: 0.4000 | J30: Melhor número de clusters: 2 Silhueta: 0.2533 | K30: https://colab.research.google.com/drive/1aFhIa18wOrxHThQYmLEMe9N9wRyjgXdH?usp=sharing | L30: 2.5 | M30: 1.5 | N30: Deveria empregar CV | O30: 2.5 | P30: fit_transform | Q30: 0.5 | R30: série errada, era a transposta
A31: 45980.762 | B31: 21.01208-3@maua.br | C31: 21.01208-3 | D31: Nathan Zanoni da Hora | E31: =(Form_Responses[[#This Row],[Ex1 1a parte]]+Form_Responses[[#This Row],[Ex1 2a parte]]+Form_Responses[[#This Row],[Ex2]]+Form_Responses[[#This Row],[Ex3]]) -> 7 | F31: 495 | G31: O melhor modelo é a Regressão Logística, sendo que a acuracidade obtida é de 0.804031 | H31: Classe prevista = talk.politics.misc; Quantidade = 3 Classe prevista = rec.sport.baseball; Quantidade = 3 Classe prevista = alt.atheism; Quantidade = 3 | I31: Acuracidade = 0.33851276359600446 | J31: k=2; valor de silheta = 0.2693 | K31: https://colab.research.google.com/drive/1zsqBoO8CsHVlIsPn0lb6FH5JBu9Iflkq?usp=sharing | L31: 2.5 | M31: 1.5 | N31: Deveria empregar CV | O31: 2.5 | P31: fit_transform | Q31: 0.5 | R31: série errada, era a transposta
A32: 45980.766 | B32: nicmfragnan1@gmail.com | C32: 21.00368-8 | D32: Nicole Martins Fragnan | E32: =(Form_Responses[[#This Row],[Ex1 1a parte]]+Form_Responses[[#This Row],[Ex1 2a parte]]+Form_Responses[[#This Row],[Ex2]]+Form_Responses[[#This Row],[Ex3]]) -> 7 | F32: 446 | G32: Logistic Regression com TF-IDF, Acurácia: 0.8493 | H32: talk.politics.guns e comp.os.ms-windows.misc | I32: 3980 | J32: melhor número de clusters = 2. Valor de silhueta = 0.2533 | K32: https://colab.research.google.com/drive/1KL3345xJ3Y9zGEmSdt9TXP9l6D7fq-aa?usp=sharing | L32: 2.5 | M32: 1.5 | N32: Deveria empregar CV | O32: 2.5 | P32: fit_transform | Q32: 0.5 | R32: série errada, era a transposta
A33: 45980.764 | B33: pedromatumoto@gmail.com | C33: 21.00784-5 | D33: Pedro Henrique de Sousa Matumoto | E33: =(Form_Responses[[#This Row],[Ex1 1a parte]]+Form_Responses[[#This Row],[Ex1 2a parte]]+Form_Responses[[#This Row],[Ex2]]+Form_Responses[[#This Row],[Ex3]]) -> 8 | F33: 446 | G33: (LogisticRegression(max_iter=1000, random_state=42), np.float64(0.758))] | H33: alt.atheism e talk.politics.misc | I33: 414 | J33: 0.148 com 2 clusters | K33: https://colab.research.google.com/drive/1W7EfjsJMgy3WR-VdsAAJcUMRW9rXStsb?usp=sharing | L33: 2.5 | M33: 2.5 | O33: 2.5 | P33: X_train? | Q33: 0.5 | R33: série errada, era a transposta
A34: 45980.758 | B34: pedro.gjmesquita@gmail.com | C34: 21.02028-0 | D34: Pedro Mesquita | E34: =(Form_Responses[[#This Row],[Ex1 1a parte]]+Form_Responses[[#This Row],[Ex1 2a parte]]+Form_Responses[[#This Row],[Ex2]]+Form_Responses[[#This Row],[Ex3]]) -> 7.5 | F34: 3801 | G34: Regressão Logística PCA; 0.858058 | H34: talk.politics.guns 3 comp.os.ms-windows.misc 3 | I34: 6406 | J34: 2; 0.2693 | K34: https://colab.research.google.com/drive/1lyCpjTUuy9JS2FDzara9_fTdc2kS3Ey1?usp=sharing | L34: 2.5 | M34: 1.5 | N34: Deveria empregar CV | O34: 3 | P34: fit_transform, mas compensou ao mostrar a matriz de confusão | Q34: 0.5 | R34: série errada, era a transposta
A35: 45980.769 | B35: 20.00611-0@maua.br | C35: 20.00611-0 | D35: Rafael Rubio | E35: =(Form_Responses[[#This Row],[Ex1 1a parte]]+Form_Responses[[#This Row],[Ex1 2a parte]]+Form_Responses[[#This Row],[Ex2]]+Form_Responses[[#This Row],[Ex3]]) -> 7 | F35: 446 | G35: LogisticRegression 0.849 sem PCA | I35: 397 | J35: silhueta = 0.269 k = 2 | K35: https://colab.research.google.com/drive/16NJraowRZMTHXQcUjuEeP867wJldFUZG?usp=sharing | L35: 2.5 | M35: 1.5 | N35: Predição de novos casos? | O35: 2.5 | P35: linear_sum_assignment??? | Q35: 0.5 | R35: série errada, era a transposta
A36: 45980.755 | B36: raphaelfr01@gmail.com | C36: 21.00334-3 | D36: Raphael Fernandes Raymundo | E36: =(Form_Responses[[#This Row],[Ex1 1a parte]]+Form_Responses[[#This Row],[Ex1 2a parte]]+Form_Responses[[#This Row],[Ex2]]+Form_Responses[[#This Row],[Ex3]]) -> 7.5 | F36: 495 | G36: LogisticRegression | H36: talk.politics.misc, rec.sport.baseball, alt.atheism | I36: 464 | J36: k=2 e silhueta = 0.269 | K36: https://colab.research.google.com/drive/1Fw1RZ0C_-6H6vsmCBZLdmWWaJnvQAIlw?usp=sharing | L36: 2.5 | M36: 1.5 | N36: Deveria empregar CV | O36: 3 | Q36: 0.5 | R36: série errada, era a transposta
A37: 45980.763 | B37: Ryuske2009@hotmail.com | C37: 21.00745-4 | D37: Ryuske Hideaki Sato | E37: =(Form_Responses[[#This Row],[Ex1 1a parte]]+Form_Responses[[#This Row],[Ex1 2a parte]]+Form_Responses[[#This Row],[Ex2]]+Form_Responses[[#This Row],[Ex3]]) -> 7.5 | F37: 446 | G37: Logistic Regression PCA com acuracidade de 0.8581 | H37: Teve empate entre a classe talk.politics.guns e comp.os.ms-windows.misc os dois com 3 | I37: 6868 | J37: 0.2533 de silhueta com 2 clusters | K37: https://colab.research.google.com/drive/16W1DQL9M041BTjPg2S0d4stAdw2Q-Bir?usp=sharing | L37: 2.5 | M37: 2 | N37: Predição de novos casos? Estranha | O37: 2.5 | P37: fit_transform, mas compensou ao mostrar a matriz de confusão | Q37: 0.5 | R37: série errada, era a transposta
A38: 45980.758 | B38: vinicius.berti33@gmail.com | C38: 21.01219-9 | D38: Vinícius de Oliveira Berti | E38: =(Form_Responses[[#This Row],[Ex1 1a parte]]+Form_Responses[[#This Row],[Ex1 2a parte]]+Form_Responses[[#This Row],[Ex2]]+Form_Responses[[#This Row],[Ex3]]) -> 7 | F38: 496 | G38: LogisticRegression:0.817869 | H38: Classe: talk.politics.misc, Quantidade: 3 Classe: rec.sport.baseball, Quantidade: 3 Classe: alt.atheism, Quantidade: 3 | I38: 5621 | J38: Melhor número de clusters: k=2, Valor de silhueta: 0.2533 | K38: https://github.com/ViniciusBerti/20241_maua_ecm252_intro_git/blob/main/IMT_P4_2025.ipynb | L38: 2.5 | M38: 1.5 | N38: Task???; Deveria empregar CV | O38: 2.5 | P38: fit_transform | Q38: 0.5 | R38: série errada, era a transposta
A39: 45980.755 | B39: vinicius.urias@gmail.com | C39: 20.00601-2 | D39: Vinicius Urias da Cruz | E39: =(Form_Responses[[#This Row],[Ex1 1a parte]]+Form_Responses[[#This Row],[Ex1 2a parte]]+Form_Responses[[#This Row],[Ex2]]+Form_Responses[[#This Row],[Ex3]]) -> 5 | F39: 446 | G39: Regressão Logística | H39: talk.politics.guns: 4 | I39: 4.0045389e+15 | J39: sil: 0.2693239841894235; n_clusters: 2 | K39: https://colab.research.google.com/drive/1MCognV-AgQdpvUD9uqJdyxkgrS0QJ1Pz?usp=sharing | L39: 1 | M39: 2.5 | N39: SVD? | O39: 1 | P39: Cálculo errado | Q39: 0.5 | R39: série errada, era a transposta
A40: 45980.76 | B40: 21.01444-2@maua.br | C40: 21.01444-2 | D40: Vitor Soller | E40: =(Form_Responses[[#This Row],[Ex1 1a parte]]+Form_Responses[[#This Row],[Ex1 2a parte]]+Form_Responses[[#This Row],[Ex2]]+Form_Responses[[#This Row],[Ex3]]) -> 8 | F40: 446 | G40: LogisticRegression com PCA - 0.842 | H40: talk.politics.guns 3 comp.os.ms-windows.misc 3 | I40: 398 | J40: 0.267, 2 | K40: https://colab.research.google.com/drive/1l4oF6hnmB3fJzABZCNyaquRN_DDQpcPd?usp=sharing | L40: 2.5 | M40: 2.5 | O40: 2.5 | P40: fit_transform | Q40: 0.5 | R40: série errada, era a transposta

Sheet Atividades e Projeto Notas
A1: RA | B1: Nome | C1: Nome | D1: Grupo | E1: Nota Ex 4.1 | F1: Nota Ex 4.2 | G1: Ex 4 | H1: Projeto 2
A2: 21.01922-3 | B2: André Soares | C2: Andre Lucas Gois Soares | D2: 10 | E2: =VLOOKUP(A2,'Atividades e Projeto Comentario'!A:L,5,FALSE) -> 9 | F2: =VLOOKUP(A2,'Atividades e Projeto Comentario'!A:L,9,FALSE) -> 9 | G2: =MIN((E2+F2)/2,10) -> 9 | H2: =VLOOKUP(A2,'Atividades e Projeto Comentario'!A:L,12,FALSE) -> 10
A3: 21.00663-6 | B3: Antonio Macedo Ferrite | C3: Antonio Macedo Ferrite | D3: 7 | E3: =VLOOKUP(A3,'Atividades e Projeto Comentario'!A:L,5,FALSE) -> 12 | F3: =VLOOKUP(A3,'Atividades e Projeto Comentario'!A:L,9,FALSE) -> 9 | G3: =MIN((E3+F3)/2,10) -> 10 | H3: =VLOOKUP(A3,'Atividades e Projeto Comentario'!A:L,12,FALSE) -> 9.5
A4: 20.02194-0 | B4: Bruno Augusto Lopes Fevereiro | C4: Bruno Augusto Lopes Fevereiro | D4: 6 | E4: =VLOOKUP(A4,'Atividades e Projeto Comentario'!A:L,5,FALSE) -> 10 | F4: =VLOOKUP(A4,'Atividades e Projeto Comentario'!A:L,9,FALSE) -> 9 | G4: =MIN((E4+F4)/2,10) -> 9.5 | H4: =VLOOKUP(A4,'Atividades e Projeto Comentario'!A:L,12,FALSE) -> 6
A5: 20.00041-3 | B5: Bruno Bosa Lopes | C5: Bruno Bosa Lopes | D5: 10 | E5: =VLOOKUP(A5,'Atividades e Projeto Comentario'!A:L,5,FALSE) -> 9 | F5: =VLOOKUP(A5,'Atividades e Projeto Comentario'!A:L,9,FALSE) -> 9 | G5: =MIN((E5+F5)/2,10) -> 9 | H5: =VLOOKUP(A5,'Atividades e Projeto Comentario'!A:L,12,FALSE) -> 10
A6: 21.00931-7 | B6: Caio Montes Correia | C6: Caio Montes Correia | D6: 10 | E6: =VLOOKUP(A6,'Atividades e Projeto Comentario'!A:L,5,FALSE) -> 9 | F6: =VLOOKUP(A6,'Atividades e Projeto Comentario'!A:L,9,FALSE) -> 9 | G6: =MIN((E6+F6)/2,10) -> 9 | H6: =VLOOKUP(A6,'Atividades e Projeto Comentario'!A:L,12,FALSE) -> 10
A7: 20.01308-6 | B7: Carlos Alberto Matias da Costa | C7: Carlos Alberto Matias da Costa | D7: 6 | E7: =VLOOKUP(A7,'Atividades e Projeto Comentario'!A:L,5,FALSE) -> 10 | F7: =VLOOKUP(A7,'Atividades e Projeto Comentario'!A:L,9,FALSE) -> 9 | G7: =MIN((E7+F7)/2,10) -> 9.5 | H7: =VLOOKUP(A7,'Atividades e Projeto Comentario'!A:L,12,FALSE) -> 6
A8: 21.00781-0 | B8: Carlos Augusto Freire Maia de Oliveira | C8: Carlos Augusto Freire Maia de Oliveira | D8: 9 | E8: =VLOOKUP(A8,'Atividades e Projeto Comentario'!A:L,5,FALSE) -> 11 | F8: =VLOOKUP(A8,'Atividades e Projeto Comentario'!A:L,9,FALSE) -> 9 | G8: =MIN((E8+F8)/2,10) -> 10 | H8: =VLOOKUP(A8,'Atividades e Projeto Comentario'!A:L,12,FALSE) -> 9.5
A9: 21.00478-0 | B9: Cesar Fukushima Kim Bresciani | C9: Cesar Fukushima Kim Bresciani | D9: 9 | E9: =VLOOKUP(A9,'Atividades e Projeto Comentario'!A:L,5,FALSE) -> 11 | F9: =VLOOKUP(A9,'Atividades e Projeto Comentario'!A:L,9,FALSE) -> 9 | G9: =MIN((E9+F9)/2,10) -> 10 | H9: =VLOOKUP(A9,'Atividades e Projeto Comentario'!A:L,12,FALSE) -> 9.5
A10: 20.01913-0 | B10: Eduardo Lucas Felippa | C10: Eduardo Lucas Felippa | D10: 8 | E10: =VLOOKUP(A10,'Atividades e Projeto Comentario'!A:L,5,FALSE) -> 11 | F10: =VLOOKUP(A10,'Atividades e Projeto Comentario'!A:L,9,FALSE) -> 9 | G10: =MIN((E10+F10)/2,10) -> 10 | H10: =VLOOKUP(A10,'Atividades e Projeto Comentario'!A:L,12,FALSE) -> 9
A11: 21.01535-0 | B11: Enzo Moura | C11: Enzo Leonardo Sabatelli de Moura | D11: 9 | E11: =VLOOKUP(A11,'Atividades e Projeto Comentario'!A:L,5,FALSE) -> 11 | F11: =VLOOKUP(A11,'Atividades e Projeto Comentario'!A:L,9,FALSE) -> 9 | G11: =MIN((E11+F11)/2,10) -> 10 | H11: =VLOOKUP(A11,'Atividades e Projeto Comentario'!A:L,12,FALSE) -> 9.5
A12: 21.02093-0 | B12: Enzo Pucci | C12: Enzo Suannes Pucci | D12: 10 | E12: =VLOOKUP(A12,'Atividades e Projeto Comentario'!A:L,5,FALSE) -> 9 | F12: =VLOOKUP(A12,'Atividades e Projeto Comentario'!A:L,9,FALSE) -> 9 | G12: =MIN((E12+F12)/2,10) -> 9 | H12: =VLOOKUP(A12,'Atividades e Projeto Comentario'!A:L,12,FALSE) -> 10
A13: 21.00210-0 | B13: Enzo Sakamoto | C13: Enzo Sakamoto | D13: 3 | E13: =VLOOKUP(A13,'Atividades e Projeto Comentario'!A:L,5,FALSE) -> 12 | F13: =VLOOKUP(A13,'Atividades e Projeto Comentario'!A:L,9,FALSE) -> 10 | G13: =MIN((E13+F13)/2,10) -> 10 | H13: =VLOOKUP(A13,'Atividades e Projeto Comentario'!A:L,12,FALSE) -> 10
... A40: 21.01444-2 | B40: Vitor Guirão Soller | C40: Vitor Soller | D40: 3 | E40: =VLOOKUP(A40,'Atividades e Projeto Comentario'!A:L,5,FALSE) -> 12 | F40: =VLOOKUP(A40,'Atividades e Projeto Comentario'!A:L,9,FALSE) -> 10 | G40: =MIN((E40+F40)/2,10) -> 10 | H40: =VLOOKUP(A40,'Atividades e Projeto Comentario'!A:L,12,FALSE) -> 10

Sheet Atividades e Projeto Comentario
A1: RA | B1: Nome | C1: Nome | D1: Grupo | E1: Nota Ex 4.1 | F1: Comentários Ex 4.1 | G1: Modelo 1 | H1: Modelo 2 | I1: Nota Ex 4.2 | J1: Comentários Ex 4.2 | K1: Ex 4 | L1: Projeto 2 | M1: Comentários Projeto 2
A2: 21.00098-0 | B2: Izabel Sampaio Goes | C2: Izabel Sampaio Goes | D2: 1 | E2: 12 | F2: Excelente! | G2: lucas-leme/FinBERT-PT-BR | H2: SentiLex-PT | I2: 9 | J2: Adjusted Rand Index (ARI), não foi a comparação pedida... | K2: =MIN((E2+I2)/2,10) -> 10 | L2: 10 | M2: A ausência do vídeo na apresentação não teve impacto; apresentação foi muito boa, e vi o vídeo depois; Fizeram seleção de vários modelos; SHAP; curva ROC; (Optuna + Weights & Bias); Técnicas de data augumentation, SHAP, excelente! O problema dos tamanhos diferentes nas avaliações, acaba sendo um problema menor. A aplicação excelente, como também o artigo.
A3: 21.01997-5 | B3: Júlia Galhardi Cerqueira | C3: Júlia Galhardi Cerqueira | D3: 1 | E3: 12 | F3: Excelente! | G3: lucas-leme/FinBERT-PT-BR | H3: SentiLex-PT | I3: 9 | J3: Adjusted Rand Index (ARI), não foi a comparação pedida... | K3: =MIN((E3+I3)/2,10) -> 10 | L3: 10
A4: 21.00690-3 | B4: Erick Eiji Nagao | C4: ERICK EIJI NAGAO | D4: 2 | E4: 11 | F4: Análises bastante superficiais | G4: neuralmind/bert-base-portuguese-cased | H4: TextBlob: Simplified Text Processing | I4: 9 | J4: A matriz de confusão precisava ser ajustada em todos os casos | K4: =MIN((E4+I4)/2,10) -> 10 | L4: 9 | M4: Apresentação média... Não localizei no GitHub, mas achei o vídeo. Poderiam ter falado o toxi-Bert, llimitações do modelo, falando mais da relevância e cenários de uso. Teriam muito o que explorar aqui. Aplicação simples, mas atende. Conjunto de dados de treinamento um pouco limitado, e a classificação... mas para um trabalho escolar, ok. Faltou um comparativo/métrica para entendermos o quanto funciona. Também não localizei no GitHub o artigo, que era um dos entregáveis do projeto.
A5: 21.01286-5 | B5: Gabriel Henrique Baca Rado | C5: GABRIEL HENRIQUE BACA RADO | D5: 2 | E5: 11 | F5: Análises bastante superficiais | G5: neuralmind/bert-base-portuguese-cased | H5: TextBlob: Simplified Text Processing | I5: 9 | J5: Adjusted Rand Index (ARI), não foi a comparação pedida... | K5: =MIN((E5+I5)/2,10) -> 10 | L5: 9
A6: 21.00834-5 | B6: Igor Improta | C6: IGOR IMPROTA MARTINEZ DA SILVA | D6: 2 | E6: 11 | F6: Análises bastante superficiais | G6: neuralmind/bert-base-portuguese-cased | H6: TextBlob: Simplified Text Processing | I6: 9 | J6: Adjusted Rand Index (ARI), não foi a comparação pedida... | K6: =MIN((E6+I6)/2,10) -> 10 | L6: 9
A7: 21.00745-4 | B7: Ryuske Hideaki Sato | C7: RYUSKE HIDEAKI SATO | D7: 2 | E7: 11 | F7: Análises bastante superficiais | G7: neuralmind/bert-base-portuguese-cased | H7: TextBlob: Simplified Text Processing | I7: 9 | J7: Adjusted Rand Index (ARI), não foi a comparação pedida... | K7: =MIN((E7+I7)/2,10) -> 10 | L7: 9
A8: 21.01219-9 | B8: Vinícius de Oliveira Berti | C8: VINICIUS DE OLIVEIRA BERTI | D8: 2 | E8: 11 | F8: Análises bastante superficiais | G8: neuralmind/bert-base-portuguese-cased | H8: TextBlob: Simplified Text Processing | I8: 9 | J8: Adjusted Rand Index (ARI), não foi a comparação pedida... | K8: =MIN((E8+I8)/2,10) -> 10 | L8: 9
A9: 21.00210-0 | B9: Enzo Sakamoto | C9: Enzo Sakamoto | D9: 3 | E9: 12 | F9: Análise da escolha do modelo superficial, mas excelente terem empregado o SARIMAX o que compensou | G9: nlptown/bert-base-multilingual-uncased-sentiment | H9: TextBlob: Simplified Text Processing | I9: 10 | J9: Deviam ser seguido com a matriz de confusão inicial e não o ARI | K9: =MIN((E9+I9)/2,10) -> 10 | L9: 10 | M9: Apresentação muito boa, um tema relevante e aplicação ok. sem fine-tunnig, mas avaliado...
A10: 21.01075-7 | B10: João Vitor Choueri Branco | C10: João Branco | D10: 3 | E10: 12 | F10: Análise da escolha do modelo superficial, mas excelente terem empregado o SARIMAX o que compensou | G10: nlptown/bert-base-multilingual-uncased-sentiment | H10: TextBlob: Simplified Text Processing | I10: 10 | J10: Deviam ser seguido com a matriz de confusão inicial e não o ARI | K10: =MIN((E10+I10)/2,10) -> 10 | L10: 10
A11: 21.00784-5 | B11: Pedro Henrique de Sousa Matumoto | C11: Pedro Matumoto | D11: 3 | E11: 12 | F11: Análise da escolha do modelo superficial, mas excelente terem empregado o SARIMAX o que compensou | G11: nlptown/bert-base-multilingual-uncased-sentiment | H11: TextBlob: Simplified Text Processing | I11: 10 | J11: Adjusted Rand Index (ARI), não foi a comparação pedida... | K11: =MIN((E11+I11)/2,10) -> 10 | L11: 10
A12: 20.00611-0 | B12: Rafael Rubio | C12: Rafael Rubio | D12: 3 | E12: 12 | F12: Análise da escolha do modelo superficial, mas excelente terem empregado o SARIMAX o que compensou | G12: nlptown/bert-base-multilingual-uncased-sentiment | H12: TextBlob: Simplified Text Processing | I12: 10 | J12: Adjusted Rand Index (ARI), não foi a comparação pedida... | K12: =MIN((E12+I12)/2,10) -> 10 | L12: 10
A13: 21.01444-2 | B13: Vitor Guirão Soller | C13: Vitor Soller | D13: 3 | E13: 12 | F13: Análise da escolha do modelo superficial, mas excelente terem empregado o SARIMAX o que compensou | G13: nlptown/bert-base-multilingual-uncased-sentiment | H13: TextBlob: Simplified Text Processing | I13: 10 | J13: Adjusted Rand Index (ARI), não foi a comparação pedida... | K13: =MIN((E13+I13)/2,10) -> 10 | L13: 10
A14: 21.01350-0 | B14: Gabriel Zendron Allievi | C14: Gabriel Zendron Alliev | D14: 4 | E14: 11 | F14: Análises bastante superficiais, não seria melhor empregarem métricas no lugar de 'observa-se' | G14: lucas-leme/FinBERT-PT-BR | H14: from nltk.sentiment.vader import SentimentIntensityAnalyzer | I14: 9 | J14: Adjusted Rand Index (ARI), não foi a comparação pedida... | K14: =MIN((E14+I14)/2,10) -> 10 | L14: 7 | M14: Apresentação centrada apenas no Código, sem dar qualquer relevância ao tema ou ao caso de uso, API key para 1000, duzentas de cada genêro... Não faz muito sentido uma distribuição equitativa só para facilitar. Poderiam ter traduzido os resumos com qualquer IA. Aplicação e problemas bastante simples, e como falamos antes, seria então necessário explorar de forma mais aprofundada/rigorosa. Acurácia e F1, sem explicar muito... Artigo, demasiadamente resumido e referências protocolares.
A15: 21.01809-0 | B15: João Paulo de Souza Rodrigues | C15: João Paulo de Souza Rodrigues | D15: 4 | E15: 11 | F15: Análises bastante superficiais, não seria melhor empregarem métricas no lugar de 'observa-se' | G15: lucas-leme/FinBERT-PT-BR | H15: from nltk.sentiment.vader import SentimentIntensityAnalyzer | I15: 9 | J15: Deviam ser seguido com a matriz de confusão inicial e não o ARI | K15: =MIN((E15+I15)/2,10) -> 10 | L15: 7
A16: 21.00410-2 | B16: João Pedro Soares dos Santos | C16: João Pedro Soares dos Santos | D16: 4 | E16: 11 | F16: Análises bastante superficiais, não seria melhor empregarem métricas no lugar de 'observa-se' | G16: lucas-leme/FinBERT-PT-BR | H16: from nltk.sentiment.vader import SentimentIntensityAnalyzer | I16: 9 | J16: Deviam ser seguido com a matriz de confusão inicial e não o ARI | K16: =MIN((E16+I16)/2,10) -> 10 | L16: 7
A17: 21.01208-3 | B17: Nathan Zanoni | C17: Nathan Zanoni Da Hora | D17: 4 | E17: 11 | F17: Análises bastante superficiais, não seria melhor empregarem métricas no lugar de 'observa-se' | G17: lucas-leme/FinBERT-PT-BR | H17: from nltk.sentiment.vader import SentimentIntensityAnalyzer | I17: 9 | J17: Adjusted Rand Index (ARI), não foi a comparação pedida... | K17: =MIN((E17+I17)/2,10) -> 10 | L17: 7
A18: 19.02028-7 | B18: Larissa Navarro Pizarro | C18: Larissa Navarro Pizarro | D18: 5 | E18: 11 | F18: Análises bastante superficiais | G18: nlptown/bert-base-multilingual-uncased-sentiment | H18: LeIA import SentimentIntensityAnalyzer | I18: 9 | J18: Adjusted Rand Index (ARI), não foi a comparação pedida... | K18: =MIN((E18+I18)/2,10) -> 10 | L18: 5 | M18: O trabalho, focou em uma análise de sentimentos, que não era nenhum dos temas do trabalho, ficando assim fora da possibilidade de uma avaliação. Isso foi apontado antes nas propostas e deveria ter sido tratado.
A19: 19.00386-2 | B19: Lucas Miguel de Matos Negri | C19: Lucas Miguel de Matos Negri | D19: 5 | E19: 11 | F19: Análises bastante superficiais | G19: nlptown/bert-base-multilingual-uncased-sentiment | H19: LeIA import SentimentIntensityAnalyzer | I19: 9 | J19: Adjusted Rand Index (ARI), não foi a comparação pedida... | K19: =MIN((E19+I19)/2,10) -> 10 | L19: 5
A20: 20.01629-8 | B20: Matheus Igino Machado | C20: Matheus Igino Machado | D20: 5 | E20: 11 | F20: Análises bastante superficiais | G20: nlptown/bert-base-multilingual-uncased-sentiment | H20: LeIA import SentimentIntensityAnalyzer | I20: 9 | J20: Adjusted Rand Index (ARI), não foi a comparação pedida... | K20: =MIN((E20+I20)/2,10) -> 10 | L20: 5
A21: 20.00601-2 | B21: Vinicius Urias da Cruz | C21: Vinicius Urias Da Cruz | D21: 5 | E21: 11 | F21: Análises bastante superficiais | G21: nlptown/bert-base-multilingual-uncased-sentiment | H21: LeIA import SentimentIntensityAnalyzer | I21: 9 | J21: Adjusted Rand Index (ARI), não foi a comparação pedida... | K21: =MIN((E21+I21)/2,10) -> 10 | L21: 5
A22: 20.02194-0 | B22: Bruno Augusto Lopes Fevereiro | C22: Bruno Augusto Lopes Fevereiro | D22: 6 | E22: 10 | F22: Análises bastante superficiais | G22: nlptown/bert-base-multilingual-uncased-sentiment | H22: LeIA import SentimentIntensityAnalyzer | I22: 9 | J22: Adjusted Rand Index (ARI), não foi a comparação pedida... | K22: =MIN((E22+I22)/2,10) -> 9.5 | L22: 6 | M22: Mascaram um problema de regressao em problema de classificação. Acho que alertei para esse problema antes de seguirem com essa entrega. Métricas e metodologia de treinamento que foram aplicadas estão inadequadadas. O artigo, foi protocolar, de fato não atende. Ficou bastante incompleto. Para um projeto, tivemos exercícios que exigiram mais, não acham?
A23: 20.01308-6 | B23: Carlos Alberto Matias da Costa | C23: Carlos Alberto Matias da Costa | D23: 6 | E23: 10 | F23: Análises bastante superficiais | G23: nlptown/bert-base-multilingual-uncased-sentiment | H23: LeIA import SentimentIntensityAnalyzer | I23: 9 | J23: Adjusted Rand Index (ARI), não foi a comparação pedida... | K23: =MIN((E23+I23)/2,10) -> 9.5 | L23: 6
A24: 20.00822-8 | B24: Gabriel Bianconi | C24: Gabriel Bianconi | D24: 6 | E24: 10 | F24: Análises bastante superficiais | G24: nlptown/bert-base-multilingual-uncased-sentiment | H24: LeIA import SentimentIntensityAnalyzer | I24: 9 | J24: A matriz de confusão precisava ser ajustada em todos os casos | K24: =MIN((E24+I24)/2,10) -> 9.5 | L24: 6
A25: 21.00663-6 | B25: Antonio Macedo Ferrite | C25: Antonio Macedo Ferrite | D25: 7 | E25: 12 | F25: Excelente! | G25: !ollama pull mistral | H25: NLTK - Natural Language Toolkit | I25: 9 | J25: Adjusted Rand Index (ARI), não foi a comparação pedida... | K25: =MIN((E25+I25)/2,10) -> 10 | L25: 9.5 | M25: Apresentação muit boa (exceção à parte da história de dificuldade/problema/5GB, o que é desnessário neste tipo de apresentação). Excelente, terem empregado testes estatísticos para medir a eficácia dos remédios. O resultados não foram tão bons, XGBClassifier, 54% acurácia... mas era um projeto desafiador e no tempo que tiveram fizeram bastante progresso. O GitHub deixou um pouco a desejar pela simplicidade e por colocar os artefatos fora (notion etc.). O artigo, simples, mas ok.
A26: 21.00256-8 | B26: Maria Fernanda Pinho Garcia | C26: Maria Fernanda Pinho Garcia | D26: 7 | E26: 12 | F26: Excelente! | G26: !ollama pull mistral | H26: NLTK - Natural Language Toolkit | I26: 9 | J26: Adjusted Rand Index (ARI), não foi a comparação pedida... | K26: =MIN((E26+I26)/2,10) -> 10 | L26: 9.5
A27: 20.01913-0 | B27: Eduardo Lucas Felippa | C27: Eduardo Lucas Felippa | D27: 8 | E27: 11 | F27: Análises um pouco confusas e superficiais | G27: lipaoMai/sentiment-model-portuguese-distilbert-pos-neg | H27: TextBlob: Simplified Text Processing | I27: 9 | J27: Deviam ser seguido com a matriz de confusão inicial e não o ARI | K27: =MIN((E27+I27)/2,10) -> 10 | L27: 9 | M27: Cold start, Apresentação muito boa, 42K dados, baixo, médio, luxo... Não foi muito bom... LIME e SHAP, resultados muito bons na parte da explicabilidade. Aplicação muito boa... Gráfica etc. Não encontrei o "artigo" no GitHub, talvez tenham confundido com o readme, mas seriam coisas diferentes.
A28: 21.00127-8 | B28: Felipe Rodrigues Peixoto da Silva | C28: Felipe Rodrigues Peixoto da Silva | D28: 8 | E28: 11 | F28: Análises um pouco confusas e superficiais | G28: lipaoMai/sentiment-model-portuguese-distilbert-pos-neg | H28: TextBlob: Simplified Text Processing | I28: 9 | J28: A matriz de confusão precisava ser ajustada em todos os casos | K28: =MIN((E28+I28)/2,10) -> 10 | L28: 9
A29: 21.01192-3 | B29: Flavio Murata | C29: Flávio Murata | D29: 8 | E29: 11 | F29: Análises um pouco confusas e superficiais | G29: lipaoMai/sentiment-model-portuguese-distilbert-pos-neg | H29: TextBlob: Simplified Text Processing | I29: 9 | J29: A matriz de confusão precisava ser ajustada em todos os casos | K29: =MIN((E29+I29)/2,10) -> 10 | L29: 9
A30: 20.02146-0 | B30: Kaiven Yang Su | C30: Kaiven Yang Su | D30: 8 | E30: 11 | F30: Análises um pouco confusas e superficiais | G30: lipaoMai/sentiment-model-portuguese-distilbert-pos-neg | H30: TextBlob: Simplified Text Processing | I30: 9 | J30: Adjusted Rand Index (ARI), não foi a comparação pedida... | K30: =MIN((E30+I30)/2,10) -> 10 | L30: 9
A31: 21.00368-8 | B31: Nicole Martins Fragnan | C31: Nicole Martins Fragnan | D31: 8 | E31: 11 | F31: Análises um pouco confusas e superficiais | G31: lipaoMai/sentiment-model-portuguese-distilbert-pos-neg | H31: TextBlob: Simplified Text Processing | I31: 9 | J31: Adjusted Rand Index (ARI), não foi a comparação pedida... | K31: =MIN((E31+I31)/2,10) -> 10 | L31: 9
A32: 21.00334-3 | B32: Raphael Fernandes Raymundo | C32: Raphael Raymundo | D32: 8 | E32: 11 | F32: Análises um pouco confusas e superficiais | G32: lipaoMai/sentiment-model-portuguese-distilbert-pos-neg | H32: TextBlob: Simplified Text Processing | I32: 9 | J32: Adjusted Rand Index (ARI), não foi a comparação pedida... | K32: =MIN((E32+I32)/2,10) -> 10 | L32: 9
A33: 21.00781-0 | B33: Carlos Augusto Freire Maia de Oliveira | C33: Carlos Augusto Freire Maia de Oliveira | D33: 9 | E33: 11 | F33: Interessante terem usado o rolling up, embora as conclusões não tenham uma justificativa adequada | G33: lucas-leme/FinBERT-PT-BR | H33: LeIA import SentimentIntensityAnalyzer | I33: 9 | J33: Adjusted Rand Index (ARI), não foi a comparação pedida... | K33: =MIN((E33+I33)/2,10) -> 10 | L33: 9.5 | M33: Apresentação muito boa, TFIDF, BERT,... Comparativos. Jogo na aplicação, muito bom. Resultados, 83% 97%. Conjunto de treinamento, talvez um pouco falho. Artigo médio e falta de referências.
A34: 21.00478-0 | B34: Cesar Fukushima Kim Bresciani | C34: Cesar Fukushima Kim Bresciani | D34: 9 | E34: 11 | F34: Interessante terem usado o rolling up, embora as conclusões não tenham uma justificativa adequada | G34: lucas-leme/FinBERT-PT-BR | H34: LeIA import SentimentIntensityAnalyzer | I34: 9 | J34: Deviam ser seguido com a matriz de confusão inicial e não o ARI | K34: =MIN((E34+I34)/2,10) -> 10 | L34: 9.5
A35: 21.01535-0 | B35: Enzo Moura | C35: Enzo Leonardo Sabatelli de Moura | D35: 9 | E35: 11 | F35: Interessante terem usado o rolling up, embora as conclusões não tenham uma justificativa adequada | G35: lucas-leme/FinBERT-PT-BR | H35: LeIA import SentimentIntensityAnalyzer | I35: 9 | J35: Deviam ser seguido com a matriz de confusão inicial e não o ARI | K35: =MIN((E35+I35)/2,10) -> 10 | L35: 9.5
A36: 21.01922-3 | B36: André Soares | C36: Andre Lucas Gois Soares | D36: 10 | E36: 9 | F36: Não chegaram na predição, mas empregaram modelos diferentes embora a análise dos dois modelos não tenha sido a mais adequada. | G36: joeddav/xlm-roberta-large-xnli | H36: from nltk.sentiment import SentimentIntensityAnalyzer | I36: 9 | J36: Adjusted Rand Index (ARI), não foi a comparação pedida... | K36: =MIN((E36+I36)/2,10) -> 9 | L36: 10 | M36: Excelente trabalho. 73%, tracking, ELO, Optuna, SHAP, empregando várias técnicas... monetizaram... A aplicação excelente, artigo também ok. Apenas o GitHub, com um trabalho tão bom, merecia uma apresentação melhor. Não encontrei lá nem o link para o vídeo (embora tenha acessado pelo link no form, e ok).
A37: 20.00041-3 | B37: Bruno Bosa Lopes | C37: Bruno Bosa Lopes | D37: 10 | E37: 9 | F37: Não chegaram na predição, mas empregaram modelos diferentes embora a análise dos dois modelos não tenha sido a mais adequada. | G37: joeddav/xlm-roberta-large-xnli | H37: from nltk.sentiment import SentimentIntensityAnalyzer | I37: 9 | J37: Adjusted Rand Index (ARI), não foi a comparação pedida... | K37: =MIN((E37+I37)/2,10) -> 9 | L37: 10
A38: 21.00931-7 | B38: Caio Montes Correia | C38: Caio Montes Correia | D38: 10 | E38: 9 | F38: Não chegaram na predição, mas empregaram modelos diferentes embora a análise dos dois modelos não tenha sido a mais adequada. | G38: joeddav/xlm-roberta-large-xnli | H38: from nltk.sentiment import SentimentIntensityAnalyzer | I38: 9 | J38: Adjusted Rand Index (ARI), não foi a comparação pedida... | K38: =MIN((E38+I38)/2,10) -> 9 | L38: 10
A39: 21.02093-0 | B39: Enzo Pucci | C39: Enzo Suannes Pucci | D39: 10 | E39: 9 | F39: Não chegaram na predição, mas empregaram modelos diferentes embora a análise dos dois modelos não tenha sido a mais adequada. | G39: joeddav/xlm-roberta-large-xnli | H39: from nltk.sentiment import SentimentIntensityAnalyzer | I39: 9 | J39: Deviam ser seguido com a matriz de confusão inicial e não o ARI | K39: =MIN((E39+I39)/2,10) -> 9 | L39: 10
A40: 21.02028-0 | B40: Pedro Mesquita | C40: Pedro Judice Mesquita | D40: 10 | E40: 9 | F40: Não chegaram na predição, mas empregaram modelos diferentes embora a análise dos dois modelos não tenha sido a mais adequada. | G40: joeddav/xlm-roberta-large-xnli | H40: from nltk.sentiment import SentimentIntensityAnalyzer | I40: 9 | J40: Adjusted Rand Index (ARI), não foi a comparação pedida... | K40: =MIN((E40+I40)/2,10) -> 9 | L40: 10

Sheet work 1
A1: RA | B1: Nome | C1: Nome | D1: Grupo | E1: Nota Ex 4.1 | F1: Comentários Ex 4.1 | G1: Modelo 1 | H1: Modelo 2 | I1: Nota Ex 4.2 | J1: Comentários Ex 4.2 | K1: Ex 4
A2: 21.01922-3 | B2: André Soares | C2: Andre Lucas Gois Soares | D2: 10 | E2: 9 | F2: Não chegaram na predição, mas empregaram modelos diferentes embora a análise dos dois modelos não tenha sido a mais adequada. | G2: joeddav/xlm-roberta-large-xnli | H2: from nltk.sentiment import SentimentIntensityAnalyzer | I2: 9 | J2: Adjusted Rand Index (ARI), não foi a comparação pedida... | K2: =MIN((E2+I2)/2,10) -> 9
A3: 21.00663-6 | B3: Antonio Macedo Ferrite | C3: Antonio Macedo Ferrite | D3: 7 | E3: 12 | F3: Excelente! | G3: !ollama pull mistral | H3: NLTK - Natural Language Toolkit | I3: 9 | J3: Adjusted Rand Index (ARI), não foi a comparação pedida... | K3: =MIN((E3+I3)/2,10) -> 10
A4: 20.02194-0 | B4: Bruno Augusto Lopes Fevereiro | C4: Bruno Augusto Lopes Fevereiro | D4: 6 | E4: 10 | F4: Análises bastante superficiais | G4: nlptown/bert-base-multilingual-uncased-sentiment | H4: LeIA import SentimentIntensityAnalyzer | I4: 9 | J4: Adjusted Rand Index (ARI), não foi a comparação pedida... | K4: =MIN((E4+I4)/2,10) -> 9.5
A5: 20.00041-3 | B5: Bruno Bosa Lopes | C5: Bruno Bosa Lopes | D5: 10 | E5: 9 | F5: Não chegaram na predição, mas empregaram modelos diferentes embora a análise dos dois modelos não tenha sido a mais adequada. | G5: joeddav/xlm-roberta-large-xnli | H5: from nltk.sentiment import SentimentIntensityAnalyzer | I5: 9 | J5: Adjusted Rand Index (ARI), não foi a comparação pedida... | K5: =MIN((E5+I5)/2,10) -> 9
A6: 21.00931-7 | B6: Caio Montes Correia | C6: Caio Montes Correia | D6: 10 | E6: 9 | F6: Não chegaram na predição, mas empregaram modelos diferentes embora a análise dos dois modelos não tenha sido a mais adequada. | G6: joeddav/xlm-roberta-large-xnli | H6: from nltk.sentiment import SentimentIntensityAnalyzer | I6: 9 | J6: Adjusted Rand Index (ARI), não foi a comparação pedida... | K6: =MIN((E6+I6)/2,10) -> 9
A7: 20.01308-6 | B7: Carlos Alberto Matias da Costa | C7: Carlos Alberto Matias da Costa | D7: 6 | E7: 10 | F7: Análises bastante superficiais | G7: nlptown/bert-base-multilingual-uncased-sentiment | H7: LeIA import SentimentIntensityAnalyzer | I7: 9 | J7: Adjusted Rand Index (ARI), não foi a comparação pedida... | K7: =MIN((E7+I7)/2,10) -> 9.5
A8: 21.00781-0 | B8: Carlos Augusto Freire Maia de Oliveira | C8: Carlos Augusto Freire Maia de Oliveira | D8: 9 | E8: 11 | F8: Interessante terem usado o rolling up, embora as conclusões não tenham uma justificativa adequada | G8: lucas-leme/FinBERT-PT-BR | H8: LeIA import SentimentIntensityAnalyzer | I8: 9 | J8: Adjusted Rand Index (ARI), não foi a comparação pedida... | K8: =MIN((E8+I8)/2,10) -> 10
A9: 21.00478-0 | B9: Cesar Fukushima Kim Bresciani | C9: Cesar Fukushima Kim Bresciani | D9: 9 | E9: 11 | F9: Interessante terem usado o rolling up, embora as conclusões não tenham uma justificativa adequada | G9: lucas-leme/FinBERT-PT-BR | H9: LeIA import SentimentIntensityAnalyzer | I9: 9 | J9: Deviam ser seguido com a matriz de confusão inicial e não o ARI | K9: =MIN((E9+I9)/2,10) -> 10
A10: 20.01913-0 | B10: Eduardo Lucas Felippa | C10: Eduardo Lucas Felippa | D10: 8 | E10: 11 | F10: Análises um pouco confusas e superficiais | G10: lipaoMai/sentiment-model-portuguese-distilbert-pos-neg | H10: TextBlob: Simplified Text Processing | I10: 9 | J10: Deviam ser seguido com a matriz de confusão inicial e não o ARI | K10: =MIN((E10+I10)/2,10) -> 10
A11: 21.01535-0 | B11: Enzo Moura | C11: Enzo Leonardo Sabatelli de Moura | D11: 9 | E11: 11 | F11: Interessante terem usado o rolling up, embora as conclusões não tenham uma justificativa adequada | G11: lucas-leme/FinBERT-PT-BR | H11: LeIA import SentimentIntensityAnalyzer | I11: 9 | J11: Deviam ser seguido com a matriz de confusão inicial e não o ARI | K11: =MIN((E11+I11)/2,10) -> 10
A12: 21.02093-0 | B12: Enzo Pucci | C12: Enzo Suannes Pucci | D12: 10 | E12: 9 | F12: Não chegaram na predição, mas empregaram modelos diferentes embora a análise dos dois modelos não tenha sido a mais adequada. | G12: joeddav/xlm-roberta-large-xnli | H12: from nltk.sentiment import SentimentIntensityAnalyzer | I12: 9 | J12: Deviam ser seguido com a matriz de confusão inicial e não o ARI | K12: =MIN((E12+I12)/2,10) -> 9
A13: 21.00210-0 | B13: Enzo Sakamoto | C13: Enzo Sakamoto | D13: 3 | E13: 12 | F13: Análise da escolha do modelo superficial, mas excelente terem empregado o SARIMAX o que compensou | G13: nlptown/bert-base-multilingual-uncased-sentiment | H13: TextBlob: Simplified Text Processing | I13: 10 | J13: Deviam ser seguido com a matriz de confusão inicial e não o ARI | K13: =MIN((E13+I13)/2,10) -> 10
... A40: 21.01444-2 | B40: Vitor Guirão Soller | C40: Vitor Soller | D40: 3 | E40: 12 | F40: Análise da escolha do modelo superficial, mas excelente terem empregado o SARIMAX o que compensou | G40: nlptown/bert-base-multilingual-uncased-sentiment | H40: TextBlob: Simplified Text Processing | I40: 10 | J40: Adjusted Rand Index (ARI), não foi a comparação pedida... | K40: =MIN((E40+I40)/2,10) -> 10

Sheet work 2
A1: Nome | B1: Grupo
A2: Andre Lucas Gois Soares | B2: 10
A3: Antonio Macedo Ferrite | B3: 7
A4: Bruno Augusto Lopes Fevereiro | B4: 6
A5: Bruno Bosa Lopes | B5: 10
A6: Caio Montes Correia | B6: 10
A7: Carlos Alberto Matias da Costa | B7: 6
A8: Carlos Augusto Freire Maia de Oliveira | B8: 9
A9: Cesar Fukushima Kim Bresciani | B9: 9
A10: Eduardo Lucas Felippa | B10: 8
A11: Enzo Leonardo Sabatelli de Moura | B11: 9
A12: Enzo Sakamoto | B12: 3
A13: Enzo Suannes Pucci | B13: 10
... A40: Vitor Soller | B40: 3

Sheet Ordem Turmas
A1: RA | B1: Ordem | C1: Nome
A2: 21.00098-0 | B2: 1 | C2: Izabel Sampaio Goes Pedreira Lapa
A3: 19.00386-2 | B3: 2 | C3: Lucas Miguel De Matos Negri
A4: 19.02028-7 | B4: 3 | C4: Larissa Navarro Pizarro
A5: 20.00041-3 | B5: 4 | C5: Bruno Bosa Lopes
A6: 20.00601-2 | B6: 5 | C6: Vinicius Urias Da Cruz
A7: 20.00822-8 | B7: 6 | C7: Gabriel Bianconi
A8: 20.01308-6 | B8: 7 | C8: Carlos Alberto Matias Da Costa
A9: 20.01629-8 | B9: 8 | C9: Matheus Igino Machado
A10: 20.01913-0 | B10: 9 | C10: Eduardo Lucas Felippa
A11: 20.02146-0 | B11: 10 | C11: Kaiven Yang Su
A12: 20.02194-0 | B12: 11 | C12: Bruno Augusto Lopes Fevereiro
A13: 21.00127-8 | B13: 12 | C13: Felipe Rodrigues Peixoto Da Silva
... A40: 21.02093-0 | B40: 39 | C40: Enzo De Britto Suannes Pucci

Sheet MF
A1: RA | B1: Ordem | C1: Nome | D1: p1 | E1: p2 | F1: p3 | G1: p4 | H1: sub1 | I1: P1 | J1: P2 | K1: P3 | L1: P4 | M1: T1 | N1: T2 | O1: T2 | P1: T4 | Q1: T5 | R1: T6 | S1: MP | T1: MT | U1: MF | V1: Aprovado
A2: 21.00098-0 | B2: 1 | C2: Izabel Sampaio Goes Pedreira Lapa | D2: 5.5 | E2: 5.5 | F2: 4.5 | G2: 8 | I2: 5.5 | J2: 5.5 | K2: 4.5 | L2: 8 | M2: 7 | N2: 7 | O2: 6.5 | P2: 8.5 | Q2: 10 | R2: 10 | S2: =AVERAGE(I2:L2) -> 5.875 | T2: =(3*SUM(M2,N2,P2,Q2)+4*SUM(O2,R2))/20 -> 8.175 | U2: =MROUND(AVERAGE(S2:T2),0.5) -> 7 | V2: =IF(U2>=6,"Aprovado","") -> Aprovado | X2: ATENÇÃO: ESSAS NOTAS FORAM DIGITADAS MANUALMENTE
A3: 19.00386-2 | B3: 2 | C3: Lucas Miguel De Matos Negri | D3: 4 | E3: 5 | F3: 5 | G3: 7 | H3: 3 | I3: 4 | J3: 5 | K3: 5 | L3: 7 | M3: 4.5 | N3: 6 | O3: 8 | P3: 6.5 | Q3: 10 | R3: 5 | S3: =AVERAGE(I3:L3) -> 5.25 | T3: =(3*SUM(M3,N3,P3,Q3)+4*SUM(O3,R3))/20 -> 6.65 | U3: =MROUND(AVERAGE(S3:T3),0.5) -> 6 | V3: =IF(U3>=6,"Aprovado","") -> Aprovado | X3: APENAS PARA APOIO. O QUE VALE É O QUE ESTÁ NO SISTEMA.
A4: 19.02028-7 | B4: 3 | C4: Larissa Navarro Pizarro | D4: 9 | E4: 4 | F4: 3.5 | G4: 3 | H4: 4.5 | I4: 9 | J4: 4.5 | K4: 3.5 | L4: 3 | M4: 7 | N4: 5 | O4: 8 | P4: 6.5 | Q4: 10 | R4: 5 | S4: =AVERAGE(I4:L4) -> 5 | T4: =(3*SUM(M4,N4,P4,Q4)+4*SUM(O4,R4))/20 -> 6.875 | U4: =MROUND(AVERAGE(S4:T4),0.5) -> 6 | V4: =IF(U4>=6,"Aprovado","") -> Aprovado
A5: 20.00041-3 | B5: 4 | C5: Bruno Bosa Lopes | D5: 6 | E5: 9 | F5: 6.5 | G5: 8 | I5: 6 | J5: 9 | K5: 6.5 | L5: 8 | M5: 4 | N5: 7 | O5: 7.5 | P5: 6.5 | Q5: 9 | R5: 10 | S5: =AVERAGE(I5:L5) -> 7.375 | T5: =(3*SUM(M5,N5,P5,Q5)+4*SUM(O5,R5))/20 -> 7.475 | U5: =MROUND(AVERAGE(S5:T5),0.5) -> 7.5 | V5: =IF(U5>=6,"Aprovado","") -> Aprovado
A6: 20.00601-2 | B6: 5 | C6: Vinicius Urias Da Cruz | D6: 2 | E6: 5 | F6: 3 | G6: 5 | H6: 2.5 | I6: 2.5 | J6: 5 | K6: 3 | L6: 5 | M6: 5 | N6: 5.5 | O6: 8 | P6: 7 | Q6: 10 | R6: 5 | S6: =AVERAGE(I6:L6) -> 3.875 | T6: =(3*SUM(M6,N6,P6,Q6)+4*SUM(O6,R6))/20 -> 6.725 | U6: =MROUND(AVERAGE(S6:T6),0.5) -> 5.5 | V6: =IF(U6>=6,"Aprovado","")
A7: 20.00822-8 | B7: 6 | C7: Gabriel Bianconi | D7: 1 | E7: 7 | F7: 6 | G7: 7.5 | H7: 2.5 | I7: 2.5 | J7: 7 | K7: 6 | L7: 7.5 | M7: 5 | N7: 6.5 | O7: 7.5 | P7: 8 | Q7: 9.5 | R7: 6 | S7: =AVERAGE(I7:L7) -> 5.75 | T7: =(3*SUM(M7,N7,P7,Q7)+4*SUM(O7,R7))/20 -> 7.05 | U7: =MROUND(AVERAGE(S7:T7),0.5) -> 6.5 | V7: =IF(U7>=6,"Aprovado","") -> Aprovado
A8: 20.01308-6 | B8: 7 | C8: Carlos Alberto Matias Da Costa | D8: 4 | E8: 1 | F8: 4.5 | G8: 7 | H8: 2 | I8: 4 | J8: 1 | K8: 4.5 | L8: 7 | M8: 5 | N8: 6.5 | O8: 7.5 | P8: 8 | Q8: 9.5 | R8: 6 | S8: =AVERAGE(I8:L8) -> 4.125 | T8: =(3*SUM(M8,N8,P8,Q8)+4*SUM(O8,R8))/20 -> 7.05 | U8: =MROUND(AVERAGE(S8:T8),0.5) -> 5.5 | V8: =IF(U8>=6,"Aprovado","")
A9: 20.01629-8 | B9: 8 | C9: Matheus Igino Machado | D9: 6 | E9: 5 | F9: 6.5 | G9: 7 | H9: 2 | I9: 6 | J9: 5 | K9: 6.5 | L9: 7 | M9: 6 | N9: 7.5 | O9: 8 | P9: 7 | Q9: 10 | R9: 5 | S9: =AVERAGE(I9:L9) -> 6.125 | T9: =(3*SUM(M9,N9,P9,Q9)+4*SUM(O9,R9))/20 -> 7.175 | U9: =MROUND(AVERAGE(S9:T9),0.5) -> 6.5 | V9: =IF(U9>=6,"Aprovado","") -> Aprovado
A10: 20.01913-0 | B10: 9 | C10: Eduardo Lucas Felippa | D10: 4 | E10: 5 | F10: 8 | G10: 8.5 | H10: 2 | I10: 4 | J10: 5 | K10: 8 | L10: 8.5 | M10: 5 | N10: 7 | O10: 7 | P10: 7.5 | Q10: 10 | R10: 9 | S10: =AVERAGE(I10:L10) -> 6.375 | T10: =(3*SUM(M10,N10,P10,Q10)+4*SUM(O10,R10))/20 -> 7.625 | U10: =MROUND(AVERAGE(S10:T10),0.5) -> 7 | V10: =IF(U10>=6,"Aprovado","") -> Aprovado
A11: 20.02146-0 | B11: 10 | C11: Kaiven Yang Su | D11: 2 | E11: 7 | F11: 8 | G11: 7 | H11: 6 | I11: 6 | J11: 7 | K11: 8 | L11: 7 | M11: 7.5 | N11: 7.5 | O11: 7 | P11: 8.5 | Q11: 10 | R11: 9 | S11: =AVERAGE(I11:L11) -> 7 | T11: =(3*SUM(M11,N11,P11,Q11)+4*SUM(O11,R11))/20 -> 8.225 | U11: =MROUND(AVERAGE(S11:T11),0.5) -> 7.5 | V11: =IF(U11>=6,"Aprovado","") -> Aprovado
A12: 20.02194-0 | B12: 11 | C12: Bruno Augusto Lopes Fevereiro | D12: 5 | E12: 6.5 | F12: 6.5 | G12: 8.5 | H12: 0 | I12: 5 | J12: 6.5 | K12: 6.5 | L12: 8.5 | M12: 6 | N12: 4.5 | O12: 7 | P12: 7 | Q12: 9.5 | R12: 6 | S12: =AVERAGE(I12:L12) -> 6.625 | T12: =(3*SUM(M12,N12,P12,Q12)+4*SUM(O12,R12))/20 -> 6.65 | U12: =MROUND(AVERAGE(S12:T12),0.5) -> 6.5 | V12: =IF(U12>=6,"Aprovado","") -> Aprovado
A13: 21.00127-8 | B13: 12 | C13: Felipe Rodrigues Peixoto Da Silva | D13: 6 | E13: 6.5 | F13: 8.5 | G13: 8 | H13: 2.5 | I13: 6 | J13: 6.5 | K13: 8.5 | L13: 8 | M13: 5.5 | N13: 5.5 | O13: 7 | P13: 8.5 | Q13: 10 | R13: 9 | S13: =AVERAGE(I13:L13) -> 7.25 | T13: =(3*SUM(M13,N13,P13,Q13)+4*SUM(O13,R13))/20 -> 7.625 | U13: =MROUND(AVERAGE(S13:T13),0.5) -> 7.5 | V13: =IF(U13>=6,"Aprovado","") -> Aprovado
A14: 21.00210-0 | B14: 13 | C14: Enzo Yuji Sakamoto | D14: 6 | E14: 7 | F14: 8.5 | G14: 8 | I14: 6 | J14: 7 | K14: 8.5 | L14: 8 | M14: 7.5 | N14: 9.5 | O14: 8 | P14: 8.5 | Q14: 10 | R14: 10 | S14: =AVERAGE(I14:L14) -> 7.375 | T14: =(3*SUM(M14,N14,P14,Q14)+4*SUM(O14,R14))/20 -> 8.925 | U14: =MROUND(AVERAGE(S14:T14),0.5) -> 8 | V14: =IF(U14>=6,"Aprovado","") -> Aprovado
A15: 21.00256-8 | B15: 14 | C15: Maria Fernanda Pinho Garcia | D15: 2 | E15: 3.5 | F15: 6 | G15: 9 | H15: 6.5 | I15: 6.5 | J15: 3.5 | K15: 6 | L15: 9 | M15: 7.5 | N15: 9.5 | O15: 8 | P15: 8.5 | Q15: 10 | R15: 9.5 | S15: =AVERAGE(I15:L15) -> 6.25 | T15: =(3*SUM(M15,N15,P15,Q15)+4*SUM(O15,R15))/20 -> 8.825 | U15: =MROUND(AVERAGE(S15:T15),0.5) -> 7.5 | V15: =IF(U15>=6,"Aprovado","") -> Aprovado
A16: 21.00334-3 | B16: 15 | C16: Raphael Fernandes Raymundo | D16: 8 | E16: 6.5 | F16: 6 | G16: 7.5 | I16: 8 | J16: 6.5 | K16: 6 | L16: 7.5 | M16: 5.5 | N16: 7.5 | O16: 7 | P16: 8 | Q16: 10 | R16: 9 | S16: =AVERAGE(I16:L16) -> 7 | T16: =(3*SUM(M16,N16,P16,Q16)+4*SUM(O16,R16))/20 -> 7.85 | U16: =MROUND(AVERAGE(S16:T16),0.5) -> 7.5 | V16: =IF(U16>=6,"Aprovado","") -> Aprovado
A17: 21.00368-8 | B17: 16 | C17: Nicole Martins Fragnan | D17: 6.5 | E17: 8 | F17: 8 | G17: 7.5 | I17: 6.5 | J17: 8 | K17: 8 | L17: 7.5 | M17: 5 | N17: 7.5 | O17: 7 | P17: 8 | Q17: 10 | R17: 9 | S17: =AVERAGE(I17:L17) -> 7.5 | T17: =(3*SUM(M17,N17,P17,Q17)+4*SUM(O17,R17))/20 -> 7.775 | U17: =MROUND(AVERAGE(S17:T17),0.5) -> 7.5 | V17: =IF(U17>=6,"Aprovado","") -> Aprovado
A18: 21.00410-2 | B18: 17 | C18: Joao Pedro Soares Dos Santos | D18: 6 | E18: 4.5 | F18: 8 | G18: 8 | H18: 5 | I18: 6 | J18: 5 | K18: 8 | L18: 8 | M18: 8 | N18: 9.5 | O18: 9 | P18: 9.5 | Q18: 10 | R18: 7 | S18: =AVERAGE(I18:L18) -> 6.75 | T18: =(3*SUM(M18,N18,P18,Q18)+4*SUM(O18,R18))/20 -> 8.75 | U18: =MROUND(AVERAGE(S18:T18),0.5) -> 8 | V18: =IF(U18>=6,"Aprovado","") -> Aprovado
A19: 20.00611-0 | B19: 18 | C19: Rafael Rubio Carnes | D19: 10 | E19: 5 | F19: 2 | G19: 7 | I19: 10 | J19: 5 | K19: 2 | L19: 7 | M19: 7 | N19: 4 | O19: 8 | P19: 8 | Q19: 10 | R19: 10 | S19: =AVERAGE(I19:L19) -> 6 | T19: =(3*SUM(M19,N19,P19,Q19)+4*SUM(O19,R19))/20 -> 7.95 | U19: =MROUND(AVERAGE(S19:T19),0.5) -> 7 | V19: =IF(U19>=6,"Aprovado","") -> Aprovado
A20: 21.00478-0 | B20: 19 | C20: Cesar Fukushima Kim Bresciani | D20: 4.5 | E20: 5.5 | F20: 6 | G20: 8 | I20: 4.5 | J20: 5.5 | K20: 6 | L20: 8 | M20: 3.5 | N20: 9 | O20: 6.5 | P20: 7 | Q20: 10 | R20: 9.5 | S20: =AVERAGE(I20:L20) -> 6 | T20: =(3*SUM(M20,N20,P20,Q20)+4*SUM(O20,R20))/20 -> 7.625 | U20: =MROUND(AVERAGE(S20:T20),0.5) -> 7 | V20: =IF(U20>=6,"Aprovado","") -> Aprovado
A21: 21.00663-6 | B21: 20 | C21: Antonio Macedo Ferrite | D21: 8.5 | E21: 2.5 | F21: 7.5 | G21: 7.5 | I21: 8.5 | J21: 2.5 | K21: 7.5 | L21: 7.5 | M21: 8.5 | N21: 9.5 | O21: 8 | P21: 8.5 | Q21: 10 | R21: 9.5 | S21: =AVERAGE(I21:L21) -> 6.5 | T21: =(3*SUM(M21,N21,P21,Q21)+4*SUM(O21,R21))/20 -> 8.975 | U21: =MROUND(AVERAGE(S21:T21),0.5) -> 7.5 | V21: =IF(U21>=6,"Aprovado","") -> Aprovado
A22: 21.00690-3 | B22: 21 | C22: Erick Eiji Nagao | D22: 8.5 | E22: 6.5 | F22: 3.5 | G22: 5.5 | I22: 8.5 | J22: 6.5 | K22: 3.5 | L22: 5.5 | M22: 6.5 | N22: 7.5 | O22: 8 | P22: 8 | Q22: 10 | R22: 9 | S22: =AVERAGE(I22:L22) -> 6 | T22: =(3*SUM(M22,N22,P22,Q22)+4*SUM(O22,R22))/20 -> 8.2 | U22: =MROUND(AVERAGE(S22:T22),0.5) -> 7 | V22: =IF(U22>=6,"Aprovado","") -> Aprovado
A23: 21.00745-4 | B23: 22 | C23: Ryuske Hideaki Sato | D23: 10 | E23: 6 | F23: 8.5 | G23: 7.5 | I23: 10 | J23: 6 | K23: 8.5 | L23: 7.5 | M23: 6 | N23: 7 | O23: 8 | P23: 8 | Q23: 10 | R23: 9 | S23: =AVERAGE(I23:L23) -> 8 | T23: =(3*SUM(M23,N23,P23,Q23)+4*SUM(O23,R23))/20 -> 8.05 | U23: =MROUND(AVERAGE(S23:T23),0.5) -> 8 | V23: =IF(U23>=6,"Aprovado","") -> Aprovado
A24: 21.00781-0 | B24: 23 | C24: Carlos Augusto Freire Maia De Oliveira | D24: 10 | E24: 9 | F24: 6 | G24: 8.5 | I24: 10 | J24: 9 | K24: 6 | L24: 8.5 | M24: 7 | N24: 9.5 | O24: 9 | P24: 5.5 | Q24: 10 | R24: 9.5 | S24: =AVERAGE(I24:L24) -> 8.375 | T24: =(3*SUM(M24,N24,P24,Q24)+4*SUM(O24,R24))/20 -> 8.5 | U24: =MROUND(AVERAGE(S24:T24),0.5) -> 8.5 | V24: =IF(U24>=6,"Aprovado","") -> Aprovado
A25: 21.00784-5 | B25: 24 | C25: Pedro Henrique De Sousa Matumoto | D25: 5 | E25: 10 | F25: 8.5 | G25: 8.5 | I25: 5 | J25: 10 | K25: 8.5 | L25: 8.5 | M25: 7 | N25: 9 | O25: 8 | P25: 8 | Q25: 10 | R25: 10 | S25: =AVERAGE(I25:L25) -> 8 | T25: =(3*SUM(M25,N25,P25,Q25)+4*SUM(O25,R25))/20 -> 8.7 | U25: =MROUND(AVERAGE(S25:T25),0.5) -> 8.5 | V25: =IF(U25>=6,"Aprovado","") -> Aprovado
A26: 21.00834-5 | B26: 25 | C26: Igor Improta Martinez Da Silva | D26: 6 | E26: 5 | F26: 1.5 | G26: 8.5 | H26: 8 | I26: 6 | J26: 8 | K26: 1.5 | L26: 8.5 | M26: 6.5 | N26: 6.5 | O26: 8 | P26: 8.5 | Q26: 10 | R26: 9 | S26: =AVERAGE(I26:L26) -> 6 | T26: =(3*SUM(M26,N26,P26,Q26)+4*SUM(O26,R26))/20 -> 8.125 | U26: =MROUND(AVERAGE(S26:T26),0.5) -> 7 | V26: =IF(U26>=6,"Aprovado","") -> Aprovado
A27: 21.00931-7 | B27: 26 | C27: Caio Montes Correia | D27: 3 | E27: 5.5 | F27: 6.5 | G27: 8 | H27: 4.5 | I27: 4.5 | J27: 5.5 | K27: 6.5 | L27: 8 | M27: 4 | N27: 7 | O27: 7 | P27: 7 | Q27: 9 | R27: 10 | S27: =AVERAGE(I27:L27) -> 6.125 | T27: =(3*SUM(M27,N27,P27,Q27)+4*SUM(O27,R27))/20 -> 7.45 | U27: =MROUND(AVERAGE(S27:T27),0.5) -> 7 | V27: =IF(U27>=6,"Aprovado","") -> Aprovado
A28: 21.01075-7 | B28: 27 | C28: Joao Vitor Choueri Branco | D28: 5 | E28: 9 | F28: 9 | G28: 6.5 | H28: 7.5 | I28: 7.5 | J28: 9 | K28: 9 | L28: 6.5 | M28: 7.5 | N28: 9 | O28: 8 | P28: 8 | Q28: 10 | R28: 10 | S28: =AVERAGE(I28:L28) -> 8 | T28: =(3*SUM(M28,N28,P28,Q28)+4*SUM(O28,R28))/20 -> 8.775 | U28: =MROUND(AVERAGE(S28:T28),0.5) -> 8.5 | V28: =IF(U28>=6,"Aprovado","") -> Aprovado
A29: 21.01192-3 | B29: 28 | C29: Flavio Murata | D29: 5 | E29: 6 | F29: 0.5 | G29: 7 | I29: 5 | J29: 6 | K29: 0.5 | L29: 7 | M29: 7 | N29: 7 | O29: 8 | P29: 7.5 | Q29: 10 | R29: 9 | S29: =AVERAGE(I29:L29) -> 4.625 | T29: =(3*SUM(M29,N29,P29,Q29)+4*SUM(O29,R29))/20 -> 8.125 | U29: =MROUND(AVERAGE(S29:T29),0.5) -> 6.5 | V29: =IF(U29>=6,"Aprovado","") -> Aprovado
A30: 21.01208-3 | B30: 29 | C30: Nathan Zanoni Da Hora | D30: 4.5 | E30: 4.5 | F30: 3 | G30: 7 | H30: 2.5 | I30: 4.5 | J30: 4.5 | K30: 3 | L30: 7 | M30: 5.5 | N30: 5 | O30: 9 | P30: 8 | Q30: 10 | R30: 7 | S30: =AVERAGE(I30:L30) -> 4.75 | T30: =(3*SUM(M30,N30,P30,Q30)+4*SUM(O30,R30))/20 -> 7.475 | U30: =MROUND(AVERAGE(S30:T30),0.5) -> 6 | V30: =IF(U30>=6,"Aprovado","") -> Aprovado
A31: 21.01219-9 | B31: 30 | C31: Vinicius De Oliveira Berti | D31: 7 | E31: 5 | F31: 4.5 | G31: 7.5 | H31: 0 | I31: 7 | J31: 5 | K31: 4.5 | L31: 7.5 | M31: 8.5 | N31: 8.5 | O31: 8 | P31: 8.5 | Q31: 10 | R31: 9 | S31: =AVERAGE(I31:L31) -> 6 | T31: =(3*SUM(M31,N31,P31,Q31)+4*SUM(O31,R31))/20 -> 8.725 | U31: =MROUND(AVERAGE(S31:T31),0.5) -> 7.5 | V31: =IF(U31>=6,"Aprovado","") -> Aprovado
A32: 21.01286-5 | B32: 31 | C32: Gabriel Henrique Baca Rado | D32: 8 | E32: 4 | F32: 1.5 | G32: 8 | H32: 5.5 | I32: 8 | J32: 5.5 | K32: 1.5 | L32: 8 | M32: 6.5 | N32: 7.5 | O32: 8 | P32: 7 | Q32: 10 | R32: 9 | S32: =AVERAGE(I32:L32) -> 5.75 | T32: =(3*SUM(M32,N32,P32,Q32)+4*SUM(O32,R32))/20 -> 8.05 | U32: =MROUND(AVERAGE(S32:T32),0.5) -> 7 | V32: =IF(U32>=6,"Aprovado","") -> Aprovado
A33: 21.01350-0 | B33: 32 | C33: Gabriel Zendron Allievi | E33: 0.5 | F33: 4.5 | G33: 8 | J33: 0.5 | K33: 4.5 | L33: 8 | M33: 4.5 | N33: 8 | O33: 9 | P33: 4.5 | Q33: 10 | R33: 7 | S33: =AVERAGE(I33:L33) -> 4.3333333 | T33: =(3*SUM(M33,N33,P33,Q33)+4*SUM(O33,R33))/20 -> 7.25 | U33: =MROUND(AVERAGE(S33:T33),0.5) -> 6 | V33: =IF(U33>=6,"Aprovado","") -> Aprovado
A34: 21.01444-2 | B34: 33 | C34: Vitor Guirao Soller | D34: 3 | E34: 9 | F34: 4.5 | G34: 8.5 | I34: 3 | J34: 9 | K34: 4.5 | L34: 8.5 | M34: 7 | N34: 9 | O34: 8 | P34: 8.5 | Q34: 10 | R34: 10 | S34: =AVERAGE(I34:L34) -> 6.25 | T34: =(3*SUM(M34,N34,P34,Q34)+4*SUM(O34,R34))/20 -> 8.775 | U34: =MROUND(AVERAGE(S34:T34),0.5) -> 7.5 | V34: =IF(U34>=6,"Aprovado","") -> Aprovado
A35: 21.01535-0 | B35: 34 | C35: Enzo Leonardo Sabatelli De Moura | D35: 3 | E35: 8 | F35: 2 | G35: 8.5 | I35: 3 | J35: 8 | K35: 2 | L35: 8.5 | M35: 5.5 | N35: 9 | O35: 6.5 | P35: 7 | Q35: 10 | R35: 9.5 | S35: =AVERAGE(I35:L35) -> 5.375 | T35: =(3*SUM(M35,N35,P35,Q35)+4*SUM(O35,R35))/20 -> 7.925 | U35: =MROUND(AVERAGE(S35:T35),0.5) -> 6.5 | V35: =IF(U35>=6,"Aprovado","") -> Aprovado
A36: 21.01809-0 | B36: 35 | C36: Joao Paulo De Souza Rodrigues | D36: 3.5 | E36: 5 | F36: 6 | G36: 8 | H36: 3.5 | I36: 3.5 | J36: 5 | K36: 6 | L36: 8 | M36: 5.5 | N36: 5.5 | O36: 9 | P36: 9.5 | Q36: 10 | R36: 7 | S36: =AVERAGE(I36:L36) -> 5.625 | T36: =(3*SUM(M36,N36,P36,Q36)+4*SUM(O36,R36))/20 -> 7.775 | U36: =MROUND(AVERAGE(S36:T36),0.5) -> 6.5 | V36: =IF(U36>=6,"Aprovado","") -> Aprovado
A37: 21.01922-3 | B37: 36 | C37: Andre Lucas Gois Soares | D37: 1 | E37: 3.5 | F37: 2 | G37: 7 | H37: 1 | I37: 1 | J37: 3.5 | K37: 2 | L37: 7 | M37: 4 | N37: 7 | O37: 7 | P37: 4.5 | Q37: 9 | R37: 10 | S37: =AVERAGE(I37:L37) -> 3.375 | T37: =(3*SUM(M37,N37,P37,Q37)+4*SUM(O37,R37))/20 -> 7.075 | U37: =MROUND(AVERAGE(S37:T37),0.5) -> 5 | V37: =IF(U37>=6,"Aprovado","")
A38: 21.01997-5 | B38: 37 | C38: Julia Galhardi Cerqueira | D38: 4.5 | E38: 6 | F38: 5.5 | G38: 8 | H38: 7.5 | I38: 7.5 | J38: 6 | K38: 5.5 | L38: 8 | M38: 2.5 | N38: 6.5 | O38: 6.5 | P38: 8.5 | Q38: 10 | R38: 10 | S38: =AVERAGE(I38:L38) -> 6.75 | T38: =(3*SUM(M38,N38,P38,Q38)+4*SUM(O38,R38))/20 -> 7.425 | U38: =MROUND(AVERAGE(S38:T38),0.5) -> 7 | V38: =IF(U38>=6,"Aprovado","") -> Aprovado
A39: 21.02028-0 | B39: 38 | C39: Pedro Guerra Judice Mesquita | D39: 3 | E39: 6 | F39: 2.5 | G39: 7.5 | H39: 7.5 | I39: 7.5 | J39: 6 | K39: 2.5 | L39: 7.5 | M39: 7.5 | N39: 6 | O39: 7 | P39: 7.5 | Q39: 9 | R39: 10 | S39: =AVERAGE(I39:L39) -> 5.875 | T39: =(3*SUM(M39,N39,P39,Q39)+4*SUM(O39,R39))/20 -> 7.9 | U39: =MROUND(AVERAGE(S39:T39),0.5) -> 7 | V39: =IF(U39>=6,"Aprovado","") -> Aprovado
A40: 21.02093-0 | B40: 39 | C40: Enzo De Britto Suannes Pucci | D40: 6.5 | E40: 8 | F40: 2.5 | G40: 5.5 | I40: 6.5 | J40: 8 | K40: 2.5 | L40: 5.5 | M40: 7 | N40: 7 | O40: 7 | P40: 7 | Q40: 9 | R40: 10 | S40: =AVERAGE(I40:L40) -> 5.625 | T40: =(3*SUM(M40,N40,P40,Q40)+4*SUM(O40,R40))/20 -> 7.9 | U40: =MROUND(AVERAGE(S40:T40),0.5) -> 7 | V40: =IF(U40>=6,"Aprovado","") -> Aprovado
